Results,EUR/USD Close,USD/JPY Close,USD/CAD Close,EUR/JPY Close
Average,  1.186,109.263,  1.237,127.296
Minimum,   1.039,  86.700,   0.984,   0.000
Maximum,   1.393, 125.637,   1.455, 149.215
Std,   0.100,   7.494,   0.115,  17.066
# In Calc, 1826, 1826, 1826, 1826

Date,EUR/USD Close,USD/JPY Close,USD/CAD Close,EUR/JPY Close
2013-01-01,1.3219,86.7,0.9934,114.47
2013-01-02,1.3177,87.203,0.9857,114.92
2013-01-03,1.305,87.25,0.9878,113.884
2013-01-04,1.308,88.12,0.9869,115.26
2013-01-07,1.3106,87.77,0.986,115.071
2013-01-08,1.3083,87.173,0.9868,114.059
2013-01-09,1.3064,87.77,0.9874,114.68
2013-01-10,1.3254,88.56,0.9839,117.38
2013-01-11,1.3334,89.198,0.9843,118.94
2013-01-14,1.3387,89.4,0.9835,119.68
2013-01-15,1.3311,88.87,0.9841,118.3
2013-01-16,1.3282,88.35,0.9859,117.4
2013-01-17,1.3374,89.95,0.9852,120.3
2013-01-18,1.3318,90.08,0.9922,119.98
2013-01-21,1.3317,89.74,0.9929,119.495
2013-01-22,1.3313,88.7,0.9926,118.09
2013-01-23,1.3315,88.68,0.9991,118.129
2013-01-24,1.3375,90.13,1.0027,120.6
2013-01-25,1.3458,90.9,1.0063,122.389
2013-01-28,1.3454,90.753,1.0063,122.107
2013-01-29,1.3491,90.74,1.0022,122.46
2013-01-30,1.3566,91.129,1.0014,123.643
2013-01-31,1.3577,91.49,0.9975,124.217
2013-02-01,1.3651,92.8,0.9973,126.7
2013-02-04,1.3511,92.27,0.9983,124.685
2013-02-05,1.3584,93.535,0.9962,127.08
2013-02-06,1.3522,93.542,0.9953,126.488
2013-02-07,1.3396,93.58,0.9982,125.36
2013-02-08,1.3363,92.71,1.0027,123.95
2013-02-11,1.3398,93.92,1.0041,125.839
2013-02-12,1.3447,93.585,1.0027,125.84
2013-02-13,1.345,93.46,1.002,125.702
2013-02-14,1.3354,92.91,1.0008,124.082
2013-02-15,1.3362,93.472,1.0061,124.912
2013-02-18,1.3349,93.938,1.0109,125.407
2013-02-19,1.339,93.53,1.0117,125.21
2013-02-20,1.3283,93.735,1.0173,124.512
2013-02-21,1.3182,93.202,1.0185,122.871
2013-02-22,1.3184,93.41,1.0207,123.14
2013-02-25,1.3089,91.265,1.0256,119.448
2013-02-26,1.3054,92.06,1.0261,120.179
2013-02-27,1.3136,92.229,1.023,121.14
2013-02-28,1.3064,92.66,1.0305,121.05
2013-03-01,1.3024,93.53,1.027,121.84
2013-03-04,1.3017,93.434,1.0278,121.626
2013-03-05,1.3039,93.274,1.0274,121.65
2013-03-06,1.2991,94.05,1.0315,122.188
2013-03-07,1.3106,94.825,1.0288,124.29
2013-03-08,1.2997,96.081,1.0295,124.876
2013-03-11,1.3031,96.27,1.027,125.505
2013-03-12,1.3034,96.05,1.0261,125.2
2013-03-13,1.296,96.05,1.0272,124.5
2013-03-14,1.3005,96.107,1.0222,124.984
2013-03-15,1.3059,95.363,1.019,124.532
2013-03-18,1.2934,95.19,1.0223,123.1
2013-03-19,1.2888,94.99,1.0272,122.425
2013-03-20,1.294,96.04,1.0251,124.33
2013-03-21,1.2904,94.898,1.024,122.474
2013-03-22,1.2981,94.43,1.0232,122.64
2013-03-25,1.2857,94.082,1.0212,120.97
2013-03-26,1.2858,94.55,1.0166,121.595
2013-03-27,1.277,94.425,1.0163,120.569
2013-03-28,1.2817,94.08,1.0158,120.62
2013-03-29,1.2813,94.197,1.0176,120.68
2013-04-01,1.2845,93.359,1.0168,119.927
2013-04-02,1.2814,93.382,1.0148,119.662
2013-04-03,1.2846,92.77,1.0148,119.22
2013-04-04,1.2933,96.17,1.0123,124.368
2013-04-05,1.301,97.77,1.0162,127.2
2013-04-08,1.2995,99.312,1.0177,129.059
2013-04-09,1.3083,99,1.0159,129.525
2013-04-10,1.3057,99.77,1.0142,130.29
2013-04-11,1.3111,99.82,1.0099,130.879
2013-04-12,1.3103,98.561,1.0139,129.15
2013-04-15,1.304,97.182,1.0255,126.735
2013-04-16,1.3184,97.56,1.0204,128.64
2013-04-17,1.3022,97.841,1.0266,127.405
2013-04-18,1.3053,98.171,1.0257,128.151
2013-04-19,1.3053,99.51,1.0265,129.85
2013-04-22,1.306,99.343,1.0259,129.77
2013-04-23,1.2996,99.455,1.0264,129.276
2013-04-24,1.3018,99.48,1.0253,129.53
2013-04-25,1.3005,99.26,1.0206,129.15
2013-04-26,1.303,98.08,1.0164,127.807
2013-04-29,1.3093,97.99,1.0109,128.31
2013-04-30,1.3167,97.52,1.0073,128.41
2013-05-01,1.3175,97.292,1.0082,128.17
2013-05-02,1.3063,97.92,1.008,127.95
2013-05-03,1.3114,98.99,1.0073,129.87
2013-05-06,1.3075,99.36,1.0068,129.92
2013-05-07,1.3073,99.01,1.0045,129.433
2013-05-08,1.3154,98.956,1.0031,130.17
2013-05-09,1.3033,100.606,1.007,131.116
2013-05-10,1.2985,101.57,1.011,131.902
2013-05-13,1.2968,101.87,1.0109,132.1
2013-05-14,1.294,102.26,1.0172,132.33
2013-05-15,1.288,102.337,1.0171,131.82
2013-05-16,1.2874,102.293,1.0189,131.713
2013-05-17,1.2829,103.29,1.0291,132.51
2013-05-20,1.2887,102.335,1.0234,131.879
2013-05-21,1.2909,102.48,1.0262,132.295
2013-05-22,1.2852,102.766,1.0377,132.08
2013-05-23,1.2931,101.86,1.0302,131.747
2013-05-24,1.2934,101.1,1.0323,130.76
2013-05-27,1.2929,101.15,1.0328,130.76
2013-05-28,1.2871,102.14,1.0393,131.45
2013-05-29,1.2936,101.121,1.0353,130.832
2013-05-30,1.3047,100.693,1.03,131.38
2013-05-31,1.2997,100.48,1.0359,130.59
2013-06-03,1.3074,99.466,1.0275,130.035
2013-06-04,1.3082,100.119,1.0343,130.98
2013-06-05,1.3094,99.16,1.0343,129.87
2013-06-06,1.3243,97.06,1.026,128.568
2013-06-07,1.3216,97.46,1.0194,128.81
2013-06-10,1.3257,98.756,1.0186,130.917
2013-06-11,1.3305,96.02,1.0189,127.782
2013-06-12,1.3332,95.77,1.0214,127.68
2013-06-13,1.3366,94.806,1.0171,126.718
2013-06-14,1.3348,94.374,1.0171,125.973
2013-06-17,1.3376,94.46,1.0176,126.36
2013-06-18,1.3401,95.212,1.0202,127.606
2013-06-19,1.3277,96.723,1.0266,128.428
2013-06-20,1.322,97.354,1.0374,128.7
2013-06-21,1.3124,97.716,1.0452,128.241
2013-06-24,1.313,97.59,1.0476,128.15
2013-06-25,1.3097,97.77,1.0506,128.07
2013-06-26,1.3012,97.79,1.0471,127.26
2013-06-27,1.3043,98.261,1.0473,128.165
2013-06-28,1.3015,99.18,1.0511,129.086
2013-07-01,1.3063,99.555,1.0497,130.05
2013-07-02,1.2978,100.58,1.054,130.54
2013-07-03,1.3006,99.94,1.051,129.983
2013-07-04,1.2918,100.02,1.0518,129.21
2013-07-05,1.283,101.135,1.0569,129.75
2013-07-08,1.2868,100.99,1.0559,129.966
2013-07-09,1.2787,100.97,1.0523,129.12
2013-07-10,1.3023,99.52,1.0505,129.137
2013-07-11,1.3114,98.846,1.0379,129.623
2013-07-12,1.3065,99.36,1.0393,129.812
2013-07-15,1.3069,99.328,1.0427,129.818
2013-07-16,1.316,99.096,1.0369,130.43
2013-07-17,1.3119,99.604,1.0415,130.665
2013-07-18,1.3105,100.46,1.0381,131.66
2013-07-19,1.3142,100.32,1.0363,131.85
2013-07-22,1.3186,99.54,1.0338,131.24
2013-07-23,1.3221,99.49,1.0286,131.54
2013-07-24,1.3196,100.314,1.0317,132.389
2013-07-25,1.3291,99.037,1.0256,131.636
2013-07-26,1.3281,98.192,1.027,130.41
2013-07-29,1.3265,97.837,1.0259,129.792
2013-07-30,1.3262,97.98,1.0304,129.96
2013-07-31,1.3301,97.92,1.0269,130.26
2013-08-01,1.3206,99.55,1.0346,131.47
2013-08-02,1.3281,98.84,1.0391,131.28
2013-08-05,1.3258,98.359,1.0362,130.4
2013-08-06,1.3309,97.7,1.037,130.03
2013-08-07,1.3339,96.46,1.042,128.68
2013-08-08,1.338,96.69,1.0324,129.377
2013-08-09,1.3344,96.217,1.0288,128.4
2013-08-12,1.3308,96.671,1.0297,128.659
2013-08-13,1.3264,98.132,1.0337,130.168
2013-08-14,1.3259,98.14,1.0329,130.09
2013-08-15,1.3355,97.332,1.03,130
2013-08-16,1.3332,97.52,1.0335,130.03
2013-08-19,1.334,97.615,1.0342,130.227
2013-08-20,1.3419,97.26,1.0385,130.522
2013-08-21,1.3365,97.8,1.0463,130.72
2013-08-22,1.335,98.703,1.0517,131.781
2013-08-23,1.3383,98.61,1.0497,131.98
2013-08-26,1.3375,98.46,1.0501,131.694
2013-08-27,1.3389,97.061,1.0477,129.958
2013-08-28,1.3341,97.71,1.0478,130.36
2013-08-29,1.3243,98.213,1.0529,130.07
2013-08-30,1.3216,98.154,1.0536,129.732
2013-09-02,1.3184,99.37,1.0556,131.011
2013-09-03,1.3171,99.54,1.053,131.11
2013-09-04,1.3212,99.63,1.049,131.64
2013-09-05,1.3117,100.13,1.0502,131.35
2013-09-06,1.3178,99.05,1.0406,130.53
2013-09-09,1.3257,99.58,1.0374,132.02
2013-09-10,1.3269,100.32,1.0346,133.113
2013-09-11,1.3308,99.947,1.0318,133.013
2013-09-12,1.33,99.44,1.0324,132.26
2013-09-13,1.3303,99.24,1.0347,132.01
2013-09-16,1.3336,99.066,1.0323,132.13
2013-09-17,1.3354,99.14,1.0295,132.395
2013-09-18,1.3529,97.893,1.0223,132.45
2013-09-19,1.3529,99.37,1.026,134.451
2013-09-20,1.3522,99.33,1.0298,134.33
2013-09-23,1.3497,98.76,1.028,133.31
2013-09-24,1.347,98.74,1.0303,133.02
2013-09-25,1.3528,98.45,1.0312,133.21
2013-09-26,1.348,98.849,1.0312,133.26
2013-09-27,1.3521,98.2,1.0301,132.79
2013-09-30,1.3519,98.203,1.0299,132.762
2013-10-01,1.3534,97.79,1.0323,132.372
2013-10-02,1.3587,97.372,1.0325,132.309
2013-10-03,1.3617,97.275,1.0323,132.47
2013-10-04,1.3554,97.42,1.0296,132.04
2013-10-07,1.3574,96.89,1.0311,131.517
2013-10-08,1.3575,96.964,1.0364,131.653
2013-10-09,1.3518,97.34,1.0389,131.58
2013-10-10,1.3527,98.24,1.0393,132.9
2013-10-11,1.355,98.48,1.0352,133.45
2013-10-14,1.3565,98.53,1.0349,133.665
2013-10-15,1.3517,98.329,1.0378,132.93
2013-10-16,1.3528,98.754,1.0331,133.618
2013-10-17,1.3675,97.89,1.0292,133.867
2013-10-18,1.3678,97.84,1.0294,133.86
2013-10-21,1.3678,98.2,1.03,134.33
2013-10-22,1.3778,98.1,1.0287,135.16
2013-10-23,1.3779,97.3,1.0385,134.09
2013-10-24,1.3801,97.28,1.0425,134.272
2013-10-25,1.3809,97.38,1.0452,134.471
2013-10-28,1.3803,97.65,1.0438,134.76
2013-10-29,1.3742,98.17,1.0463,134.91
2013-10-30,1.3728,98.583,1.0478,135.345
2013-10-31,1.3585,98.32,1.042,133.61
2013-11-01,1.3489,98.766,1.0426,133.238
2013-11-04,1.3519,98.59,1.0419,133.28
2013-11-05,1.3471,98.56,1.0454,132.772
2013-11-06,1.3521,98.69,1.0417,133.46
2013-11-07,1.342,97.88,1.0455,131.385
2013-11-08,1.336,99.14,1.0479,132.45
2013-11-11,1.3408,99.205,1.0474,133.024
2013-11-12,1.3428,99.68,1.0493,133.86
2013-11-13,1.3462,99.375,1.0457,133.778
2013-11-14,1.346,100,1.0472,134.61
2013-11-15,1.3493,100.19,1.0445,135.18
2013-11-18,1.3497,99.911,1.0433,134.857
2013-11-19,1.3535,100.18,1.0473,135.56
2013-11-20,1.3426,99.96,1.0448,134.21
2013-11-21,1.3465,101.094,1.0523,136.129
2013-11-22,1.3548,101.32,1.0523,137.27
2013-11-25,1.3519,101.45,1.0549,137.15
2013-11-26,1.3569,101.277,1.0542,137.418
2013-11-27,1.3571,102.145,1.0593,138.62
2013-11-28,1.3601,102.242,1.0587,139.081
2013-11-29,1.3587,102.434,1.0612,139.175
2013-12-02,1.3537,103.017,1.0642,139.46
2013-12-03,1.3591,102.323,1.065,139.097
2013-12-04,1.3585,102.25,1.0678,138.93
2013-12-05,1.3671,101.73,1.0648,139.08
2013-12-06,1.3702,102.87,1.0655,140.96
2013-12-09,1.3738,103.29,1.0635,141.91
2013-12-10,1.3765,102.78,1.0603,141.473
2013-12-11,1.3788,102.48,1.0592,141.3
2013-12-12,1.3745,103.303,1.064,141.991
2013-12-13,1.3732,103.12,1.0595,141.617
2013-12-16,1.3764,103.01,1.0588,141.79
2013-12-17,1.3767,102.615,1.0607,141.271
2013-12-18,1.3696,103.81,1.0676,142.223
2013-12-19,1.3655,104.212,1.0665,142.315
2013-12-20,1.3677,104.03,1.0645,142.3
2013-12-23,1.3693,104.076,1.0611,142.526
2013-12-24,1.3675,104.27,1.0618,142.601
2013-12-25,1.3695,104.38,1.062,142.67
2013-12-26,1.3692,104.738,1.0642,143.405
2013-12-27,1.374,105.12,1.071,144.468
2013-12-30,1.3798,105.079,1.0639,144.99
2013-12-31,1.3774,105.25,1.0636,144.98
2014-01-01,1.3745,105.26,1.0614,144.62
2014-01-02,1.3655,104.741,1.0668,143.032
2014-01-03,1.3587,104.759,1.0628,142.34
2014-01-06,1.3634,104.215,1.0652,142.087
2014-01-07,1.3614,104.52,1.0774,142.293
2014-01-08,1.3581,104.75,1.0803,142.26
2014-01-09,1.3607,104.75,1.0853,142.55
2014-01-10,1.3665,104.08,1.0892,142.23
2014-01-13,1.3668,102.94,1.0855,140.704
2014-01-14,1.3681,104.17,1.0946,142.53
2014-01-15,1.3604,104.563,1.094,142.24
2014-01-16,1.3617,104.293,1.0923,142.014
2014-01-17,1.3524,104.27,1.0974,141.024
2014-01-20,1.3562,104.1,1.0958,141.179
2014-01-21,1.3558,104.332,1.0973,141.458
2014-01-22,1.3548,104.4,1.1075,141.458
2014-01-23,1.3694,103.17,1.1106,141.28
2014-01-24,1.368,102.229,1.1071,139.839
2014-01-27,1.3672,102.705,1.11,140.417
2014-01-28,1.3666,102.867,1.1157,140.591
2014-01-29,1.3661,102.147,1.1167,139.544
2014-01-30,1.355,102.713,1.1166,139.186
2014-01-31,1.3487,102.13,1.1135,137.77
2014-02-03,1.3531,101.013,1.1094,136.699
2014-02-04,1.3515,101.646,1.107,137.386
2014-02-05,1.3531,101.386,1.1079,137.2
2014-02-06,1.3588,102.122,1.1064,138.76
2014-02-07,1.3638,102.277,1.1039,139.481
2014-02-10,1.3634,102.225,1.1052,139.371
2014-02-11,1.3637,102.616,1.1013,139.93
2014-02-12,1.3592,102.47,1.0997,139.277
2014-02-13,1.368,102.232,1.0976,139.881
2014-02-14,1.3697,101.833,1.0984,139.494
2014-02-17,1.3708,101.86,1.0956,139.65
2014-02-18,1.3757,102.336,1.0945,140.778
2014-02-19,1.3733,102.22,1.1083,140.42
2014-02-20,1.372,102.315,1.1098,140.386
2014-02-21,1.374,102.56,1.1122,140.911
2014-02-24,1.3734,102.465,1.1062,140.721
2014-02-25,1.3742,102.09,1.1085,140.298
2014-02-26,1.3685,102.34,1.1119,140.124
2014-02-27,1.3707,102.08,1.1141,139.92
2014-02-28,1.3806,101.773,1.1075,140.524
2014-03-03,1.3729,101.385,1.108,139.181
2014-03-04,1.3738,102.262,1.1103,140.508
2014-03-05,1.3732,102.28,1.1037,140.459
2014-03-06,1.3859,103.048,1.0984,142.814
2014-03-07,1.3869,103.278,1.1093,143.236
2014-03-10,1.3869,103.24,1.1098,143.186
2014-03-11,1.3864,102.95,1.1104,142.73
2014-03-12,1.3906,102.638,1.1119,142.71
2014-03-13,1.3859,101.628,1.1056,140.839
2014-03-14,1.3908,101.33,1.1092,140.91
2014-03-17,1.3923,101.74,1.1058,141.65
2014-03-18,1.3934,101.391,1.1139,141.282
2014-03-19,1.3829,102.52,1.1244,141.77
2014-03-20,1.3775,102.407,1.1242,141.06
2014-03-21,1.3796,102.104,1.1212,140.882
2014-03-24,1.384,102.238,1.1189,141.5
2014-03-25,1.3824,102.276,1.1158,141.387
2014-03-26,1.3793,102.048,1.1106,140.778
2014-03-27,1.3744,102.155,1.103,140.417
2014-03-28,1.375,102.807,1.1062,141.368
2014-03-31,1.3781,103.214,1.1051,142.253
2014-04-01,1.3793,103.679,1.1028,143.02
2014-04-02,1.3762,103.837,1.1023,142.9
2014-04-03,1.3715,103.94,1.1032,142.559
2014-04-04,1.3705,103.24,1.098,141.518
2014-04-07,1.3743,103.15,1.0965,141.762
2014-04-08,1.3794,101.694,1.0922,140.274
2014-04-09,1.3851,101.974,1.0869,141.253
2014-04-10,1.3887,101.485,1.0925,140.94
2014-04-11,1.3882,101.62,1.0972,141.079
2014-04-14,1.382,101.743,1.0963,140.621
2014-04-15,1.3813,101.804,1.0977,140.63
2014-04-16,1.3813,102.28,1.1017,141.288
2014-04-17,1.3814,102.45,1.1009,141.517
2014-04-18,1.3818,102.379,1.1012,141.469
2014-04-21,1.3793,102.602,1.1012,141.546
2014-04-22,1.3804,102.61,1.1024,141.66
2014-04-23,1.3816,102.44,1.1032,141.521
2014-04-24,1.3827,102.311,1.1026,141.464
2014-04-25,1.3832,102.165,1.1035,141.326
2014-04-28,1.3848,102.54,1.1019,142
2014-04-29,1.3811,102.566,1.0955,141.659
2014-04-30,1.387,102.16,1.0951,141.69
2014-05-01,1.3865,102.304,1.0963,141.84
2014-05-02,1.387,102.232,1.0981,141.803
2014-05-05,1.3876,102.1,1.0953,141.698
2014-05-06,1.3928,101.639,1.0877,141.561
2014-05-07,1.3912,101.825,1.0893,141.67
2014-05-08,1.3852,101.546,1.0823,140.667
2014-05-09,1.3754,101.81,1.0898,140.02
2014-05-12,1.3757,102.168,1.0894,140.55
2014-05-13,1.3701,102.271,1.0907,140.108
2014-05-14,1.371,101.772,1.0877,139.53
2014-05-15,1.371,101.54,1.0874,139.204
2014-05-16,1.37,101.53,1.0858,139.1
2014-05-19,1.3709,101.389,1.0868,138.996
2014-05-20,1.3698,101.32,1.0895,138.8
2014-05-21,1.3685,101.406,1.0915,138.788
2014-05-22,1.3654,101.787,1.0894,138.995
2014-05-23,1.363,101.977,1.087,139.004
2014-05-26,1.3645,101.922,1.0853,139.063
2014-05-27,1.3636,101.97,1.0859,139.056
2014-05-28,1.3594,101.84,1.0875,138.463
2014-05-29,1.3602,101.7,1.0839,138.38
2014-05-30,1.3631,101.802,1.0842,138.757
2014-06-02,1.3597,102.427,1.0899,139.272
2014-06-03,1.3625,102.527,1.0908,139.694
2014-06-04,1.3599,102.713,1.0934,139.67
2014-06-05,1.3653,102.472,1.0928,139.908
2014-06-06,1.3644,102.49,1.0927,139.902
2014-06-09,1.3587,102.517,1.0907,139.31
2014-06-10,1.3545,102.327,1.0905,138.621
2014-06-11,1.3529,101.97,1.0868,138.028
2014-06-12,1.3564,101.623,1.0853,137.836
2014-06-13,1.3538,101.99,1.0856,138.094
2014-06-16,1.357,101.842,1.0839,138.2
2014-06-17,1.3543,102.162,1.0864,138.357
2014-06-18,1.358,101.947,1.0846,138.457
2014-06-19,1.3602,101.95,1.0823,138.679
2014-06-20,1.3595,102.101,1.075,138.815
2014-06-23,1.3603,101.9,1.0725,138.62
2014-06-24,1.3601,101.922,1.0744,138.631
2014-06-25,1.363,101.855,1.0721,138.828
2014-06-26,1.3607,101.691,1.0691,138.372
2014-06-27,1.3646,101.39,1.0664,138.362
2014-06-30,1.3693,101.318,1.0667,138.727
2014-07-01,1.3677,101.536,1.0634,138.872
2014-07-02,1.3655,101.808,1.0668,139.017
2014-07-03,1.3603,102.201,1.0624,139.033
2014-07-04,1.3594,102.07,1.0636,138.768
2014-07-07,1.3607,101.848,1.0679,138.586
2014-07-08,1.3612,101.52,1.0681,138.18
2014-07-09,1.3644,101.591,1.0654,138.603
2014-07-10,1.3603,101.293,1.0646,137.781
2014-07-11,1.3608,101.328,1.0734,137.88
2014-07-14,1.3619,101.565,1.0714,138.317
2014-07-15,1.3567,101.686,1.0762,137.952
2014-07-16,1.3523,101.72,1.0748,137.56
2014-07-17,1.3528,101.241,1.0751,136.961
2014-07-18,1.3526,101.353,1.0737,137.088
2014-07-21,1.3521,101.387,1.0733,137.088
2014-07-22,1.3468,101.456,1.0735,136.634
2014-07-23,1.346,101.528,1.0727,136.647
2014-07-24,1.3463,101.814,1.0746,137.071
2014-07-25,1.3432,101.826,1.0815,136.769
2014-07-28,1.3433,101.87,1.0802,136.843
2014-07-29,1.341,102.101,1.0853,136.92
2014-07-30,1.3393,102.85,1.0897,137.75
2014-07-31,1.3388,102.85,1.09,137.7
2014-08-01,1.3423,102.584,1.0925,137.712
2014-08-04,1.342,102.559,1.0906,137.638
2014-08-05,1.3375,102.593,1.096,137.23
2014-08-06,1.3379,102.047,1.0916,136.529
2014-08-07,1.3364,102.009,1.0922,136.343
2014-08-08,1.3412,102.061,1.0971,136.891
2014-08-11,1.3384,102.218,1.0927,136.809
2014-08-12,1.3367,102.226,1.0922,136.651
2014-08-13,1.3368,102.456,1.0924,136.964
2014-08-14,1.3369,102.436,1.0906,136.949
2014-08-15,1.3392,102.342,1.0892,137.057
2014-08-18,1.3361,102.54,1.0887,137.007
2014-08-19,1.3321,102.89,1.0942,137.064
2014-08-20,1.3263,103.716,1.0968,137.55
2014-08-21,1.328,103.81,1.0945,137.866
2014-08-22,1.3244,103.941,1.0944,137.661
2014-08-25,1.3194,103.982,1.0982,137.199
2014-08-26,1.3176,104.08,1.095,137.136
2014-08-27,1.3197,103.86,1.0846,137.066
2014-08-28,1.3184,103.661,1.0848,136.673
2014-08-29,1.3139,104.037,1.0871,136.698
2014-09-01,1.3136,104.252,1.0865,136.945
2014-09-02,1.3133,105.06,1.0929,137.99
2014-09-03,1.3145,104.818,1.0886,137.791
2014-09-04,1.2945,105.119,1.0873,136.05
2014-09-05,1.2952,105.07,1.0882,136.081
2014-09-08,1.2899,105.99,1.0971,136.73
2014-09-09,1.2943,106.201,1.0983,137.462
2014-09-10,1.2908,106.8,1.0943,137.898
2014-09-11,1.2917,107.09,1.1049,138.341
2014-09-12,1.2949,107.314,1.1089,138.967
2014-09-15,1.2939,107.174,1.105,138.67
2014-09-16,1.2962,107.16,1.0972,138.901
2014-09-17,1.2879,108.313,1.0999,139.502
2014-09-18,1.2918,108.751,1.0947,140.501
2014-09-19,1.2836,108.958,1.0949,139.861
2014-09-22,1.2844,108.792,1.1034,139.735
2014-09-23,1.2857,108.887,1.1068,140
2014-09-24,1.2786,108.987,1.106,139.353
2014-09-25,1.2749,108.65,1.1096,138.529
2014-09-26,1.2681,109.303,1.1157,138.611
2014-09-29,1.269,109.45,1.1149,138.9
2014-09-30,1.2629,109.685,1.1207,138.513
2014-10-01,1.2615,109.06,1.1169,137.58
2014-10-02,1.2669,108.39,1.1157,137.3
2014-10-03,1.251,109.739,1.1257,137.285
2014-10-06,1.2645,108.823,1.1129,137.62
2014-10-07,1.2678,107.951,1.1165,136.856
2014-10-08,1.2721,108.273,1.1113,137.745
2014-10-09,1.2681,107.944,1.1163,136.891
2014-10-10,1.2613,107.761,1.1211,135.918
2014-10-13,1.2693,107.098,1.1197,135.948
2014-10-14,1.2657,107.001,1.1303,135.436
2014-10-15,1.2802,106.12,1.1265,135.852
2014-10-16,1.2796,106.398,1.1253,136.153
2014-10-17,1.2761,106.872,1.1275,136.374
2014-10-20,1.2808,106.8,1.128,136.79
2014-10-21,1.2722,106.9,1.1226,136
2014-10-22,1.2642,107.165,1.1241,135.491
2014-10-23,1.265,108.175,1.123,136.844
2014-10-24,1.2668,108.09,1.1231,136.93
2014-10-27,1.2706,107.74,1.1238,136.886
2014-10-28,1.2736,108.135,1.1172,137.721
2014-10-29,1.2644,108.843,1.12,137.618
2014-10-30,1.2613,109.228,1.1183,137.77
2014-10-31,1.253,112.258,1.1272,140.667
2014-11-03,1.2489,113.791,1.1361,142.129
2014-11-04,1.2549,113.602,1.1399,142.558
2014-11-05,1.248,114.718,1.1395,143.159
2014-11-06,1.2378,115.13,1.1423,142.52
2014-11-07,1.2453,114.585,1.1331,142.706
2014-11-10,1.242,114.879,1.1375,142.7
2014-11-11,1.2479,115.381,1.1326,143.985
2014-11-12,1.2431,115.572,1.131,143.673
2014-11-13,1.2482,115.679,1.1368,144.401
2014-11-14,1.2525,116.31,1.1278,145.676
2014-11-17,1.2452,116.432,1.1301,144.975
2014-11-18,1.2534,116.913,1.1301,146.535
2014-11-19,1.2538,117.98,1.1349,147.93
2014-11-20,1.2545,118.016,1.1305,148.053
2014-11-21,1.2387,117.77,1.1238,145.881
2014-11-24,1.2439,118.262,1.1294,147.106
2014-11-25,1.2477,117.93,1.1259,147.145
2014-11-26,1.2508,117.728,1.1234,147.258
2014-11-27,1.2474,117.756,1.1346,146.884
2014-11-28,1.2441,118.662,1.143,147.638
2014-12-01,1.2475,118.342,1.1325,147.62
2014-12-02,1.2379,119.263,1.1405,147.63
2014-12-03,1.2313,119.808,1.1365,147.52
2014-12-04,1.2378,119.83,1.1382,148.3
2014-12-05,1.2289,121.42,1.1429,149.215
2014-12-08,1.2318,120.549,1.1479,148.494
2014-12-09,1.2367,119.694,1.1435,148.035
2014-12-10,1.2443,117.972,1.1479,146.786
2014-12-11,1.2385,119.25,1.1533,147.679
2014-12-12,1.2458,118.615,1.1571,147.775
2014-12-15,1.2441,117.593,1.1651,146.299
2014-12-16,1.25,117.141,1.1635,146.442
2014-12-17,1.2343,118.68,1.1642,146.5
2014-12-18,1.2283,118.77,1.1592,145.894
2014-12-19,1.2225,119.565,1.1606,146.18
2014-12-22,1.2218,119.978,1.1643,146.603
2014-12-23,1.2175,120.74,1.1624,147.009
2014-12-24,1.2193,120.448,1.163,146.875
2014-12-25,1.2239,120.105,1.162,146.97
2014-12-26,1.2178,120.388,1.1624,146.598
2014-12-29,1.2153,120.72,1.1635,146.72
2014-12-30,1.2153,119.537,1.1603,145.298
2014-12-31,1.2098,119.8,1.1607,144.93
2015-01-01,1.2097,119.66,1.1617,144.79
2015-01-02,1.2004,120.46,1.1761,144.6
2015-01-05,1.1938,119.634,1.1748,142.82
2015-01-06,1.1899,118.67,1.1821,141.23
2015-01-07,1.1832,119.125,1.1823,140.965
2015-01-08,1.1789,119.66,1.1839,141.08
2015-01-09,1.1842,118.538,1.1862,140.378
2015-01-12,1.184,118.251,1.1958,140.015
2015-01-13,1.1771,117.855,1.1948,138.744
2015-01-14,1.1789,117.3,1.1948,138.28
2015-01-15,1.1616,116.42,1.197,135.236
2015-01-16,1.1567,117.632,1.1965,136.074
2015-01-19,1.1604,117.656,1.1949,136.536
2015-01-20,1.1549,118.727,1.21,137.115
2015-01-21,1.1596,117.814,1.2336,136.63
2015-01-22,1.1339,118.58,1.2408,134.45
2015-01-23,1.1221,117.81,1.2426,132.194
2015-01-26,1.1265,118.44,1.2461,133.44
2015-01-27,1.1368,117.82,1.2397,133.93
2015-01-28,1.1291,117.52,1.2515,132.69
2015-01-29,1.1316,118.352,1.2614,133.939
2015-01-30,1.1303,117.425,1.2696,132.727
2015-02-02,1.134,117.476,1.2574,133.23
2015-02-03,1.1484,117.56,1.2398,135
2015-02-04,1.1397,117.309,1.2552,133.702
2015-02-05,1.1476,117.566,1.2427,134.926
2015-02-06,1.1322,118.845,1.2525,134.551
2015-02-09,1.132,118.617,1.2463,134.283
2015-02-10,1.1318,119.38,1.2579,135.122
2015-02-11,1.1302,120.37,1.2649,136.05
2015-02-12,1.141,118.874,1.2482,135.639
2015-02-13,1.1398,118.743,1.2463,135.34
2015-02-16,1.1404,118.45,1.24671,135.09
2015-02-17,1.14162,119.269,1.2382,136.172
2015-02-18,1.14009,118.601,1.2423,135.226
2015-02-19,1.13619,118.983,1.2496,135.182
2015-02-20,1.1375,119.114,1.25368,135.505
2015-02-23,1.13325,118.838,1.25763,134.678
2015-02-24,1.13411,118.899,1.24836,134.856
2015-02-25,1.13611,118.831,1.24354,135.009
2015-02-26,1.11959,119.484,1.25242,133.788
2015-02-27,1.11868,119.633,1.25013,133.834
2015-03-02,1.1182,120.13,1.2539,134.34
2015-03-03,1.11763,119.704,1.24823,133.791
2015-03-04,1.1074,119.73,1.24117,132.593
2015-03-05,1.10268,120.146,1.25067,132.486
2015-03-06,1.08496,120.702,1.2613,130.964
2015-03-09,1.08616,121.18,1.25901,131.623
2015-03-10,1.0697,121.117,1.26831,129.556
2015-03-11,1.05407,121.401,1.27551,127.982
2015-03-12,1.06078,121.381,1.27144,128.759
2015-03-13,1.04763,121.413,1.27827,127.202
2015-03-16,1.0577,121.42,1.2781,128.42
2015-03-17,1.05915,121.368,1.27789,128.55
2015-03-18,1.08876,120,1.25286,130.639
2015-03-19,1.0638,120.91,1.2738,128.63
2015-03-20,1.0804,120.102,1.25776,129.763
2015-03-23,1.09623,119.769,1.25002,131.304
2015-03-24,1.09241,119.712,1.24962,130.778
2015-03-25,1.0962,119.539,1.25168,131.06
2015-03-26,1.08894,119.253,1.24705,129.855
2015-03-27,1.08962,119.114,1.25981,129.794
2015-03-30,1.08124,120.162,1.26934,129.929
2015-03-31,1.07468,119.916,1.26592,128.879
2015-04-01,1.07589,119.623,1.26232,128.701
2015-04-02,1.0883,119.705,1.2567,130.29
2015-04-03,1.0995,118.91,1.2444,130.73
2015-04-06,1.09224,119.593,1.24966,130.618
2015-04-07,1.0822,120.336,1.25012,130.229
2015-04-08,1.07867,120.071,1.25448,129.49
2015-04-09,1.06476,120.667,1.25951,128.481
2015-04-10,1.06013,120.157,1.25859,127.384
2015-04-13,1.05751,120.044,1.2586,126.953
2015-04-14,1.06524,119.39,1.24907,127.188
2015-04-15,1.06771,119.16,1.23093,127.23
2015-04-16,1.07745,119.026,1.21722,128.248
2015-04-17,1.082,118.811,1.2226,128.554
2015-04-20,1.07358,119.266,1.2223,128.041
2015-04-21,1.0734,119.664,1.2282,128.449
2015-04-22,1.0728,119.9,1.2227,128.64
2015-04-23,1.0826,119.509,1.2148,129.389
2015-04-24,1.0862,118.901,1.21673,129.163
2015-04-27,1.08805,119.107,1.20984,129.592
2015-04-28,1.0968,118.872,1.20241,130.381
2015-04-29,1.1108,118.99,1.20122,132.19
2015-04-30,1.123,119.417,1.2096,134.102
2015-05-01,1.1211,120.15,1.2157,134.72
2015-05-04,1.11466,120.125,1.2092,133.89
2015-05-05,1.11948,119.833,1.207,134.162
2015-05-06,1.1346,119.411,1.2041,135.5
2015-05-07,1.1266,119.808,1.21291,134.996
2015-05-08,1.12065,119.743,1.2089,134.197
2015-05-11,1.11568,120.11,1.2097,134.026
2015-05-12,1.1216,119.82,1.2002,134.39
2015-05-13,1.13477,119.15,1.19708,135.206
2015-05-14,1.1402,119.164,1.19973,135.891
2015-05-15,1.14459,119.353,1.20223,136.608
2015-05-18,1.13094,119.98,1.21643,135.71
2015-05-19,1.11537,120.72,1.22268,134.65
2015-05-20,1.1108,121.148,1.2191,134.568
2015-05-21,1.11221,120.954,1.2207,134.538
2015-05-22,1.10121,121.511,1.2301,133.82
2015-05-25,1.0978,121.504,1.23087,133.387
2015-05-26,1.0875,123.012,1.24221,133.791
2015-05-27,1.0902,123.748,1.2456,134.907
2015-05-28,1.09398,124.022,1.24301,135.681
2015-05-29,1.09813,124.086,1.24449,136.23
2015-06-01,1.09259,124.805,1.25319,136.367
2015-06-02,1.11518,124.043,1.24058,138.327
2015-06-03,1.12683,124.28,1.2453,140.046
2015-06-04,1.1243,124.296,1.2491,139.748
2015-06-05,1.111,125.637,1.24386,139.6
2015-06-08,1.12822,124.408,1.24,140.36
2015-06-09,1.1278,124.343,1.2341,140.253
2015-06-10,1.132,122.72,1.22651,138.926
2015-06-11,1.12595,123.44,1.22799,138.99
2015-06-12,1.1252,123.39,1.23109,138.88
2015-06-15,1.1285,123.34,1.2312,139.2
2015-06-16,1.1247,123.375,1.23126,138.763
2015-06-17,1.1335,123.38,1.2236,139.86
2015-06-18,1.1372,122.91,1.22276,139.796
2015-06-19,1.13434,122.68,1.2264,139.17
2015-06-22,1.1322,123.403,1.23279,139.72
2015-06-23,1.1162,123.992,1.23396,138.408
2015-06-24,1.1203,123.86,1.2396,138.83
2015-06-25,1.12,123.6,1.23238,138.45
2015-06-26,1.1169,123.823,1.23158,138.31
2015-06-29,1.1229,122.47,1.23906,137.536
2015-06-30,1.1144,122.339,1.2484,136.349
2015-07-01,1.1048,123.15,1.2588,136.09
2015-07-02,1.10873,123.07,1.2551,136.458
2015-07-03,1.1067,122.82,1.25787,135.942
2015-07-06,1.1049,122.45,1.26537,135.308
2015-07-07,1.1024,122.59,1.2703,135.15
2015-07-08,1.10683,120.463,1.2735,133.384
2015-07-09,1.1025,121.314,1.27117,133.742
2015-07-10,1.11451,122.81,1.2679,136.894
2015-07-13,1.1011,123.368,1.2731,135.841
2015-07-14,1.1003,123.369,1.27436,135.749
2015-07-15,1.0942,123.736,1.2928,135.406
2015-07-16,1.0875,124.115,1.29576,134.96
2015-07-17,1.0849,124.09,1.2987,134.63
2015-07-20,1.0824,124.269,1.2995,134.521
2015-07-21,1.0935,123.965,1.29607,135.57
2015-07-22,1.09138,124.012,1.30399,135.34
2015-07-23,1.0998,123.76,1.3032,136.129
2015-07-24,1.0978,123.811,1.3053,135.91
2015-07-27,1.1094,123.258,1.30416,136.74
2015-07-28,1.1055,123.563,1.2931,136.591
2015-07-29,1.0981,123.903,1.2944,136.07
2015-07-30,1.0927,124.143,1.30038,135.66
2015-07-31,1.0986,123.88,1.3081,136.11
2015-08-03,1.0947,123.986,1.3157,135.738
2015-08-04,1.0888,124.319,1.3179,135.363
2015-08-05,1.0902,124.848,1.31847,136.13
2015-08-06,1.09316,124.68,1.3115,136.289
2015-08-07,1.0963,124.17,1.3135,136.148
2015-08-10,1.1014,124.62,1.30107,137.265
2015-08-11,1.1034,125.082,1.31155,138.037
2015-08-12,1.1165,124.236,1.2981,138.72
2015-08-13,1.1146,124.4,1.30629,138.651
2015-08-14,1.1104,124.292,1.3092,138.01
2015-08-17,1.10809,124.38,1.3088,137.83
2015-08-18,1.1033,124.36,1.306,137.21
2015-08-19,1.1127,123.755,1.30966,137.723
2015-08-20,1.12022,123.496,1.3081,138.345
2015-08-21,1.136,122.167,1.3169,138.787
2015-08-24,1.158,118.875,1.3256,137.65
2015-08-25,1.1467,119.268,1.3318,136.763
2015-08-26,1.13232,119.8,1.33364,135.661
2015-08-27,1.12626,120.809,1.3233,136.06
2015-08-28,1.11831,121.393,1.3213,135.743
2015-08-31,1.1229,121.183,1.3169,136.08
2015-09-01,1.1298,119.77,1.3215,135.317
2015-09-02,1.1222,120.239,1.3279,134.933
2015-09-03,1.1123,119.914,1.31859,133.385
2015-09-04,1.1138,119.038,1.3256,132.56
2015-09-07,1.1169,119.36,1.32993,133.313
2015-09-08,1.1205,119.876,1.3212,134.33
2015-09-09,1.1202,120.557,1.3239,135.05
2015-09-10,1.1283,120.531,1.323,136
2015-09-11,1.1336,120.57,1.3255,136.68
2015-09-14,1.13132,120.146,1.3259,135.922
2015-09-15,1.1267,120.445,1.32437,135.711
2015-09-16,1.1278,120.614,1.3185,136.043
2015-09-17,1.142,119.97,1.31327,137.009
2015-09-18,1.1301,119.94,1.32191,135.54
2015-09-21,1.1194,120.486,1.32424,134.888
2015-09-22,1.113,120.067,1.3255,133.649
2015-09-23,1.1182,120.234,1.3341,134.45
2015-09-24,1.1225,119.97,1.3318,134.68
2015-09-25,1.11968,120.595,1.33198,135.04
2015-09-28,1.1234,119.832,1.33852,134.631
2015-09-29,1.12619,119.568,1.34312,134.659
2015-09-30,1.1165,119.946,1.3347,133.937
2015-10-01,1.11844,119.88,1.32589,134.08
2015-10-02,1.12038,120.041,1.3165,134.46
2015-10-05,1.1184,120.47,1.30888,134.74
2015-10-06,1.12685,120.263,1.3034,135.515
2015-10-07,1.1247,119.93,1.3065,134.88
2015-10-08,1.1274,119.91,1.3013,135.18
2015-10-09,1.13551,120.24,1.2945,136.539
2015-10-12,1.13654,119.985,1.3007,136.374
2015-10-13,1.13862,119.718,1.30187,136.31
2015-10-14,1.1485,118.807,1.29234,136.434
2015-10-15,1.13771,118.909,1.28456,135.286
2015-10-16,1.13564,119.474,1.2911,135.676
2015-10-19,1.13229,119.489,1.30206,135.301
2015-10-20,1.13448,119.87,1.29793,136
2015-10-21,1.134,119.95,1.3127,136.04
2015-10-22,1.11169,120.67,1.31067,134.146
2015-10-23,1.0998,121.43,1.31882,133.58
2015-10-26,1.105,120.99,1.31632,133.718
2015-10-27,1.10384,120.36,1.3266,132.863
2015-10-28,1.09182,121.145,1.3178,132.263
2015-10-29,1.09806,121.07,1.31614,132.94
2015-10-30,1.0996,120.677,1.3079,132.711
2015-11-02,1.1008,120.78,1.31,132.973
2015-11-03,1.0965,120.969,1.30532,132.632
2015-11-04,1.0862,121.54,1.3154,132.017
2015-11-05,1.0881,121.72,1.3159,132.45
2015-11-06,1.0741,123.19,1.3291,132.33
2015-11-09,1.0758,123.13,1.3277,132.45
2015-11-10,1.07134,123.239,1.3266,132.03
2015-11-11,1.074,122.84,1.3258,131.954
2015-11-12,1.0811,122.59,1.32783,132.53
2015-11-13,1.07436,122.69,1.33094,131.81
2015-11-16,1.06823,123.21,1.33224,131.632
2015-11-17,1.0648,123.36,1.3315,131.34
2015-11-18,1.06542,123.52,1.33219,131.611
2015-11-19,1.0733,122.87,1.32979,131.89
2015-11-20,1.0647,122.866,1.3338,130.82
2015-11-23,1.06271,122.88,1.33759,130.591
2015-11-24,1.0646,122.474,1.33,130.4
2015-11-25,1.06181,122.719,1.32926,130.306
2015-11-26,1.0606,122.583,1.32885,130.01
2015-11-27,1.05955,122.83,1.33694,130.156
2015-11-30,1.05697,123.058,1.33582,130.073
2015-12-01,1.0632,122.842,1.33709,130.58
2015-12-02,1.062,123.14,1.33656,130.795
2015-12-03,1.09557,122.464,1.33394,134.15
2015-12-04,1.08699,123.204,1.33759,133.921
2015-12-07,1.0847,123.317,1.35139,133.777
2015-12-08,1.0888,123.04,1.3587,133.98
2015-12-09,1.10291,121.21,1.35928,133.69
2015-12-10,1.0937,121.65,1.3622,133.062
2015-12-11,1.0991,120.858,1.37413,132.84
2015-12-14,1.0996,120.869,1.37389,132.896
2015-12-15,1.09137,121.722,1.37409,132.839
2015-12-16,1.09165,122.204,1.3786,133.398
2015-12-17,1.0804,122.84,1.3947,132.73
2015-12-18,1.08661,121.293,1.39383,131.795
2015-12-21,1.09248,121.076,1.39636,132.276
2015-12-22,1.0954,121.05,1.39413,132.623
2015-12-23,1.0922,120.85,1.38578,132
2015-12-24,1.0952,120.31,1.38358,131.79
2015-12-25,1.0963,120.325,1.38275,131.907
2015-12-28,1.0972,120.35,1.3894,132.059
2015-12-29,1.09324,120.41,1.38234,131.677
2015-12-30,1.0931,120.52,1.38911,131.75
2015-12-31,1.0864,120.17,1.3829,130.65
2016-01-01,1.0864,120.17,1.3829,130.65
2016-01-04,1.08311,119.411,1.3948,129.337
2016-01-05,1.0744,119.045,1.3992,127.899
2016-01-06,1.0786,118.48,1.40963,127.785
2016-01-07,1.09258,117.6,1.4087,128.511
2016-01-08,1.09172,117.519,1.4145,128.291
2016-01-11,1.086,117.697,1.42148,127.819
2016-01-12,1.08461,117.745,1.4263,127.713
2016-01-13,1.0872,117.84,1.4349,128.13
2016-01-14,1.0857,118.129,1.4352,128.24
2016-01-15,1.0913,116.92,1.45217,127.613
2016-01-18,1.0889,117.34,1.4515,127.8
2016-01-19,1.09134,117.553,1.4554,128.29
2016-01-20,1.08801,117.029,1.44801,127.332
2016-01-21,1.0883,117.5,1.429,127.89
2016-01-22,1.0793,118.81,1.4151,128.23
2016-01-25,1.0852,118.33,1.42681,128.43
2016-01-26,1.08553,118.42,1.40798,128.559
2016-01-27,1.08969,118.586,1.411,129.22
2016-01-28,1.09502,118.8,1.40497,130.08
2016-01-29,1.0831,121.092,1.4025,131.16
2016-02-01,1.08929,121.11,1.39227,131.93
2016-02-02,1.09177,119.963,1.40187,130.971
2016-02-03,1.1105,117.781,1.37912,130.792
2016-02-04,1.12,116.758,1.37417,130.779
2016-02-05,1.11452,116.979,1.3894,130.39
2016-02-08,1.12042,115.511,1.3928,129.418
2016-02-09,1.1287,115.06,1.3877,129.876
2016-02-10,1.1291,113.338,1.39164,127.998
2016-02-11,1.1331,112.292,1.39309,127.237
2016-02-12,1.12542,113.257,1.38549,127.48
2016-02-15,1.11446,114.616,1.3828,127.737
2016-02-16,1.11415,113.89,1.388,126.893
2016-02-17,1.11437,113.808,1.37168,126.81
2016-02-18,1.11023,113.45,1.374,125.957
2016-02-19,1.1126,112.671,1.3768,125.364
2016-02-22,1.10297,112.86,1.3706,124.47
2016-02-23,1.10169,112.12,1.37648,123.525
2016-02-24,1.10092,111.962,1.36842,123.258
2016-02-25,1.1036,112.78,1.3545,124.49
2016-02-26,1.0938,113.847,1.35138,124.52
2016-02-29,1.08858,112.805,1.35099,122.793
2016-03-01,1.08709,113.885,1.33965,123.808
2016-03-02,1.0866,113.368,1.3431,123.18
2016-03-03,1.0964,113.612,1.33966,124.575
2016-03-04,1.09938,114.06,1.332,125.393
2016-03-07,1.1009,113.32,1.3276,124.77
2016-03-08,1.10069,112.565,1.34093,123.89
2016-03-09,1.10064,113.287,1.32582,124.688
2016-03-10,1.11849,113.147,1.3356,126.557
2016-03-11,1.11529,113.79,1.32367,126.913
2016-03-14,1.1097,113.805,1.3266,126.296
2016-03-15,1.111,113.083,1.3351,125.6
2016-03-16,1.12248,112.61,1.31285,126.39
2016-03-17,1.1316,111.54,1.2986,126.232
2016-03-18,1.12681,111.714,1.30242,125.88
2016-03-21,1.12494,111.82,1.30765,125.803
2016-03-22,1.1219,112.32,1.30386,126.028
2016-03-23,1.1181,112.41,1.3207,125.68
2016-03-24,1.11753,112.792,1.3241,126.04
2016-03-25,1.1162,113.105,1.32622,126.241
2016-03-28,1.11999,113.319,1.31797,126.927
2016-03-29,1.1302,112.666,1.3056,127.34
2016-03-30,1.13369,112.41,1.29653,127.454
2016-03-31,1.13845,112.518,1.29778,128.09
2016-04-01,1.1394,111.614,1.3012,127.171
2016-04-04,1.1396,111.29,1.3054,126.84
2016-04-05,1.1381,110.425,1.3154,125.67
2016-04-06,1.1405,109.67,1.3099,125.097
2016-04-07,1.13724,108.43,1.31325,123.336
2016-04-08,1.13996,108.17,1.29975,123.306
2016-04-11,1.14057,107.915,1.2887,123.06
2016-04-12,1.1393,108.51,1.2762,123.65
2016-04-13,1.12864,109.22,1.28147,123.28
2016-04-14,1.1262,109.28,1.2852,123.088
2016-04-15,1.1285,108.72,1.28415,122.69
2016-04-18,1.13142,108.73,1.28068,123.031
2016-04-19,1.1368,109.16,1.2648,124.113
2016-04-20,1.1298,109.76,1.26412,124.008
2016-04-21,1.1293,109.41,1.27314,123.57
2016-04-22,1.1229,111.6,1.2666,125.333
2016-04-25,1.12626,111.162,1.26883,125.19
2016-04-26,1.12817,111.45,1.26204,125.75
2016-04-27,1.13125,111.415,1.26205,126.048
2016-04-28,1.1352,108.036,1.2541,122.651
2016-04-29,1.14465,106.419,1.25399,121.832
2016-05-02,1.15182,106.48,1.2545,122.66
2016-05-03,1.15055,106.428,1.27253,122.476
2016-05-04,1.1493,106.94,1.28652,122.93
2016-05-05,1.1401,107.257,1.28599,122.284
2016-05-06,1.14018,107.1,1.2921,122.1
2016-05-09,1.13847,108.445,1.2967,123.468
2016-05-10,1.13691,109.24,1.2911,124.2
2016-05-11,1.14234,108.472,1.28405,123.914
2016-05-12,1.1371,109.075,1.28365,124.043
2016-05-13,1.13188,108.619,1.29333,122.9
2016-05-16,1.13195,108.98,1.28983,123.372
2016-05-17,1.1319,109.02,1.2915,123.41
2016-05-18,1.12195,110.18,1.30183,123.621
2016-05-19,1.1202,109.92,1.30941,123.154
2016-05-20,1.1214,110.116,1.31263,123.485
2016-05-23,1.12146,109.23,1.31431,122.538
2016-05-24,1.11403,110.001,1.31441,122.545
2016-05-25,1.11604,110.14,1.3034,122.92
2016-05-26,1.11901,109.75,1.2984,122.806
2016-05-27,1.1113,110.37,1.30324,122.65
2016-05-30,1.1134,111.127,1.30488,123.734
2016-05-31,1.11338,110.614,1.3107,123.162
2016-06-01,1.11923,109.49,1.306,122.562
2016-06-02,1.1147,108.87,1.3104,121.373
2016-06-03,1.13518,106.62,1.2941,121.05
2016-06-06,1.13656,107.48,1.2816,122.16
2016-06-07,1.1359,107.33,1.276,121.93
2016-06-08,1.13943,107.02,1.27005,121.95
2016-06-09,1.1329,106.94,1.2709,121.16
2016-06-10,1.1261,106.769,1.27556,120.249
2016-06-13,1.1289,106.23,1.28037,119.951
2016-06-14,1.1207,106.055,1.28507,118.85
2016-06-15,1.1265,105.979,1.29093,119.379
2016-06-16,1.123,104.266,1.29678,117.091
2016-06-17,1.12802,104.2,1.28734,117.547
2016-06-20,1.1306,103.96,1.28098,117.57
2016-06-21,1.1249,104.868,1.2814,117.971
2016-06-22,1.1304,104.44,1.28309,118.04
2016-06-23,1.13449,105.823,1.27842,120.046
2016-06-24,1.11219,102.315,1.29815,113.81
2016-06-27,1.10132,102.01,1.3079,112.36
2016-06-28,1.1057,102.732,1.3054,113.599
2016-06-29,1.1107,102.77,1.29743,114.15
2016-06-30,1.1087,103.238,1.2943,114.464
2016-07-01,1.1131,102.49,1.291,114.1
2016-07-04,1.1142,102.502,1.28427,114.213
2016-07-05,1.1068,101.61,1.2997,112.48
2016-07-06,1.11048,101.27,1.2962,112.46
2016-07-07,1.1054,100.735,1.30092,111.355
2016-07-08,1.10553,100.46,1.304,111.06
2016-07-11,1.10617,102.843,1.31129,113.761
2016-07-12,1.10639,104.84,1.3022,116.01
2016-07-13,1.1097,104.422,1.29763,115.875
2016-07-14,1.11221,105.442,1.289,117.274
2016-07-15,1.10698,105.553,1.29291,116.858
2016-07-18,1.10716,106.177,1.29307,117.556
2016-07-19,1.10175,106.059,1.30219,116.862
2016-07-20,1.10173,106.925,1.30491,117.811
2016-07-21,1.10184,105.678,1.30938,116.45
2016-07-22,1.09726,106.181,1.31492,116.505
2016-07-25,1.09903,105.795,1.32215,116.282
2016-07-26,1.09904,104.62,1.31825,114.975
2016-07-27,1.10483,105.447,1.31819,116.48
2016-07-28,1.10726,105.391,1.31634,116.706
2016-07-29,1.11836,102.01,1.30449,114.082
2016-08-01,1.11614,102.353,1.31062,114.246
2016-08-02,1.12245,100.927,1.30971,113.288
2016-08-03,1.1147,101.152,1.30788,112.762
2016-08-04,1.11279,101.159,1.30168,112.569
2016-08-05,1.10874,101.783,1.31621,112.843
2016-08-08,1.10826,102.436,1.31636,113.535
2016-08-09,1.11111,101.901,1.31329,113.22
2016-08-10,1.11741,101.271,1.30551,113.18
2016-08-11,1.11439,101.878,1.29794,113.53
2016-08-12,1.11594,101.249,1.29603,113.003
2016-08-15,1.1184,101.228,1.29158,113.217
2016-08-16,1.12753,100.271,1.28522,113.064
2016-08-17,1.12814,100.276,1.28596,113.1
2016-08-18,1.13541,99.981,1.2769,113.521
2016-08-19,1.13276,100.141,1.28548,113.435
2016-08-22,1.1323,100.274,1.29413,113.535
2016-08-23,1.1307,100.191,1.29108,113.282
2016-08-24,1.12634,100.436,1.29259,113.12
2016-08-25,1.12822,100.531,1.29267,113.424
2016-08-26,1.11985,101.794,1.29935,113.96
2016-08-29,1.11867,101.967,1.30148,114.067
2016-08-30,1.11403,103.032,1.30942,114.778
2016-08-31,1.11588,103.429,1.3108,115.419
2016-09-01,1.11972,103.276,1.30951,115.643
2016-09-02,1.11602,103.953,1.29928,116.006
2016-09-05,1.11467,103.368,1.29152,115.228
2016-09-06,1.1257,102.057,1.28352,114.884
2016-09-07,1.1244,101.753,1.28999,114.412
2016-09-08,1.1254,102.53,1.29198,115.393
2016-09-09,1.12268,102.703,1.30272,115.302
2016-09-12,1.1234,101.834,1.30511,114.4
2016-09-13,1.12125,102.702,1.31653,115.12
2016-09-14,1.12471,102.337,1.31968,115.104
2016-09-15,1.12426,102.213,1.31565,114.913
2016-09-16,1.11532,102.369,1.3208,114.18
2016-09-19,1.11791,101.797,1.32035,113.77
2016-09-20,1.11565,101.758,1.32071,113.52
2016-09-21,1.11827,100.467,1.31163,112.355
2016-09-22,1.1202,100.878,1.3064,113.028
2016-09-23,1.12321,101.048,1.31677,113.496
2016-09-26,1.12572,100.264,1.32341,112.87
2016-09-27,1.12183,100.349,1.32149,112.581
2016-09-28,1.12113,100.635,1.31241,112.826
2016-09-29,1.12172,101.023,1.3157,113.322
2016-09-30,1.12332,101.38,1.31232,113.889
2016-10-03,1.12146,101.555,1.31032,113.887
2016-10-04,1.11976,102.762,1.3198,115.063
2016-10-05,1.12112,103.608,1.31723,116.155
2016-10-06,1.1144,104.086,1.3215,115.97
2016-10-07,1.1191,102.947,1.32708,115.217
2016-10-10,1.1133,103.644,1.31718,115.403
2016-10-11,1.1054,103.422,1.32538,114.327
2016-10-12,1.1014,104.225,1.32499,114.803
2016-10-13,1.1049,103.618,1.3197,114.491
2016-10-14,1.0981,104.215,1.31306,114.437
2016-10-17,1.10001,103.84,1.31267,114.217
2016-10-18,1.09804,103.828,1.31199,114.019
2016-10-19,1.09687,103.471,1.3127,113.493
2016-10-20,1.09266,103.947,1.32251,113.589
2016-10-21,1.08724,103.838,1.33366,112.906
2016-10-24,1.08743,104.236,1.33849,113.335
2016-10-25,1.08881,104.178,1.33495,113.439
2016-10-26,1.09064,104.506,1.33752,113.983
2016-10-27,1.09015,105.222,1.33928,114.725
2016-10-28,1.0976,104.763,1.33895,114.985
2016-10-31,1.09763,104.845,1.34162,115.095
2016-11-01,1.10579,104.092,1.3389,115.106
2016-11-02,1.1088,103.435,1.33926,114.718
2016-11-03,1.11097,102.946,1.3377,114.37
2016-11-04,1.11222,103.072,1.34054,114.639
2016-11-07,1.10461,104.469,1.33647,115.405
2016-11-08,1.10234,105.089,1.33054,115.839
2016-11-09,1.09225,105.822,1.33687,115.585
2016-11-10,1.08913,106.897,1.3476,116.438
2016-11-11,1.08434,106.768,1.35287,115.772
2016-11-14,1.0739,108.39,1.35554,116.4
2016-11-15,1.07187,109.277,1.34662,117.131
2016-11-16,1.0681,109.164,1.34351,116.598
2016-11-17,1.06223,109.961,1.35126,116.817
2016-11-18,1.05934,110.706,1.35088,117.286
2016-11-21,1.06182,111.087,1.342,117.966
2016-11-22,1.06252,111.111,1.34443,118.058
2016-11-23,1.05546,112.547,1.34868,118.791
2016-11-24,1.05691,113.161,1.34927,119.61
2016-11-25,1.05922,113.205,1.35183,119.909
2016-11-28,1.0596,112.253,1.3425,118.942
2016-11-29,1.06418,112.407,1.3426,119.622
2016-11-30,1.05986,114.299,1.34277,121.143
2016-12-01,1.06482,114.063,1.33244,121.452
2016-12-02,1.06639,113.561,1.32891,121.107
2016-12-05,1.07604,113.488,1.32401,122.115
2016-12-06,1.07151,114.066,1.32899,122.23
2016-12-07,1.0764,113.811,1.32392,122.503
2016-12-08,1.06181,113.959,1.31889,121.013
2016-12-09,1.0551,115.214,1.31665,121.58
2016-12-12,1.06336,115.023,1.31419,122.31
2016-12-13,1.0622,115.131,1.31183,122.312
2016-12-14,1.05213,116.95,1.32826,123.048
2016-12-15,1.0415,118.111,1.33525,123.014
2016-12-16,1.0434,117.943,1.33512,123.071
2016-12-19,1.04033,117.014,1.3412,121.737
2016-12-20,1.03872,117.793,1.33717,122.353
2016-12-21,1.04285,117.509,1.34039,122.568
2016-12-22,1.04356,117.547,1.3496,122.677
2016-12-23,1.04513,117.261,1.3545,122.54
2016-12-26,1.04492,117.119,1.35103,122.51
2016-12-27,1.0455,117.459,1.35754,122.79
2016-12-28,1.0413,117.109,1.35447,121.948
2016-12-29,1.04851,116.626,1.34935,122.291
2016-12-30,1.05316,116.74,1.34366,122.973
2017-01-02,1.04679,117.456,1.3425,122.9
2017-01-03,1.04134,117.562,1.34294,122.414
2017-01-04,1.04657,117.532,1.33187,123.016
2017-01-05,1.0589,115.665,1.3241,122.507
2017-01-06,1.05315,117.04,1.3233,123.265
2017-01-09,1.05649,116.156,1.32276,122.72
2017-01-10,1.05582,115.743,1.3224,122.211
2017-01-11,1.0575,115.465,1.3169,122.098
2017-01-12,1.06171,114.599,1.31357,121.673
2017-01-13,1.06455,114.533,1.31225,121.918
2017-01-16,1.05967,114.068,1.3162,120.876
2017-01-17,1.0704,112.675,1.3051,120.67
2017-01-18,1.06397,114.252,1.32598,121.557
2017-01-19,1.06591,114.845,1.3319,122.41
2017-01-20,1.06907,114.58,1.33266,122.492
2017-01-23,1.07472,113.015,1.32488,121.46
2017-01-24,1.07274,113.836,1.31681,122.109
2017-01-25,1.07494,113.296,1.30678,121.763
2017-01-26,1.06914,114.389,1.30877,122.3
2017-01-27,1.06977,115.112,1.31394,123.12
2017-01-30,1.0694,113.59,1.3114,121.496
2017-01-31,1.07947,112.875,1.30198,121.83
2017-02-01,1.07712,113.139,1.30466,121.87
2017-02-02,1.0759,112.684,1.30252,121.35
2017-02-03,1.07743,112.871,1.30256,121.42
2017-02-06,1.07494,111.735,1.30831,120.08
2017-02-07,1.06946,112.219,1.3162,119.999
2017-02-08,1.06874,112.049,1.3157,119.753
2017-02-09,1.0659,113.269,1.31405,120.723
2017-02-10,1.06321,113.421,1.30841,120.591
2017-02-13,1.05993,113.613,1.30716,120.423
2017-02-14,1.05732,114.18,1.30759,120.723
2017-02-15,1.0599,114.159,1.30782,120.98
2017-02-16,1.06729,113.159,1.30757,120.777
2017-02-17,1.06077,112.922,1.3102,119.786
2017-02-20,1.06177,113.117,1.30921,120.09
2017-02-21,1.05467,113.595,1.31406,119.806
2017-02-22,1.05705,113.133,1.31524,119.587
2017-02-23,1.0578,112.717,1.31157,119.23
2017-02-24,1.05577,112.008,1.31072,118.267
2017-02-27,1.05867,112.761,1.31518,119.35
2017-02-28,1.05907,112.331,1.32924,118.956
2017-03-01,1.05514,113.619,1.33396,119.879
2017-03-02,1.05052,114.469,1.3395,120.248
2017-03-03,1.06121,113.928,1.33787,120.901
2017-03-06,1.05839,113.903,1.341,120.53
2017-03-07,1.05667,114.026,1.34172,120.491
2017-03-08,1.05442,114.381,1.3488,120.606
2017-03-09,1.05897,114.934,1.35067,121.715
2017-03-10,1.06934,114.743,1.34576,122.69
2017-03-13,1.0654,114.811,1.34446,122.322
2017-03-14,1.0611,114.705,1.3483,121.716
2017-03-15,1.06947,113.47,1.33267,121.348
2017-03-16,1.07593,113.342,1.33483,121.953
2017-03-17,1.07415,112.679,1.33403,121.043
2017-03-20,1.07394,112.545,1.33496,120.869
2017-03-21,1.08084,111.825,1.33407,120.865
2017-03-22,1.0795,110.953,1.33391,119.811
2017-03-23,1.07831,110.921,1.33507,119.609
2017-03-24,1.08142,110.665,1.33788,119.68
2017-03-27,1.08655,110.564,1.3369,120.137
2017-03-28,1.08049,111.134,1.33812,120.078
2017-03-29,1.07601,111.027,1.33332,119.456
2017-03-30,1.06824,111.734,1.33199,119.36
2017-03-31,1.06729,111.387,1.32965,118.884
2017-04-03,1.06648,111.004,1.3387,118.382
2017-04-04,1.06684,110.679,1.34112,118.079
2017-04-05,1.06733,110.715,1.34189,118.168
2017-04-06,1.06456,110.789,1.34148,117.939
2017-04-07,1.0591,111.204,1.3413,117.76
2017-04-10,1.0591,110.975,1.33326,117.54
2017-04-11,1.06063,109.658,1.3337,116.31
2017-04-12,1.06415,109.315,1.32809,116.32
2017-04-13,1.06147,109.161,1.33246,115.865
2017-04-14,1.0623,108.598,1.3316,115.381
2017-04-17,1.06395,108.901,1.33133,115.894
2017-04-18,1.07351,108.365,1.33794,116.331
2017-04-19,1.07159,108.837,1.34859,116.635
2017-04-20,1.07232,109.244,1.3472,117.151
2017-04-21,1.06968,109.106,1.35075,116.709
2017-04-24,1.08574,109.792,1.35101,119.21
2017-04-25,1.0929,111.109,1.35763,121.423
2017-04-26,1.08969,111.384,1.36139,121.36
2017-04-27,1.0883,111.193,1.36118,121.01
2017-04-28,1.08988,111.423,1.36557,121.439
2017-05-01,1.09013,111.79,1.36731,121.897
2017-05-02,1.09238,112.013,1.3722,122.38
2017-05-03,1.08895,112.69,1.37181,122.71
2017-05-04,1.09836,112.431,1.37618,123.496
2017-05-05,1.09938,112.554,1.36559,123.74
2017-05-08,1.09318,113.069,1.36963,123.606
2017-05-09,1.08703,114.175,1.37252,124.105
2017-05-10,1.08662,114.277,1.36677,124.15
2017-05-11,1.0862,113.834,1.36892,123.643
2017-05-12,1.09234,113.349,1.3711,123.809
2017-05-15,1.09791,113.693,1.36452,124.828
2017-05-16,1.10904,113.005,1.35801,125.33
2017-05-17,1.11459,111.111,1.36195,123.842
2017-05-18,1.10997,111.481,1.36061,123.72
2017-05-19,1.12033,111.215,1.35154,124.597
2017-05-22,1.12334,111.205,1.35079,124.923
2017-05-23,1.1188,111.668,1.35026,124.943
2017-05-24,1.12107,111.626,1.34196,125.144
2017-05-25,1.12131,111.771,1.34724,125.33
2017-05-26,1.1175,111.242,1.34495,124.306
2017-05-29,1.11799,111.275,1.34315,124.406
2017-05-30,1.11921,110.748,1.34593,123.953
2017-05-31,1.12407,110.655,1.35084,124.381
2017-06-01,1.12142,111.31,1.35127,124.83
2017-06-02,1.12751,110.456,1.34959,124.541
2017-06-05,1.12544,110.496,1.34707,124.356
2017-06-06,1.12745,109.482,1.34511,123.441
2017-06-07,1.12555,109.794,1.35192,123.577
2017-06-08,1.12117,110.018,1.35053,123.352
2017-06-09,1.11945,110.242,1.34625,123.41
2017-06-12,1.1206,109.828,1.33296,123.074
2017-06-13,1.1207,110.002,1.32359,123.283
2017-06-14,1.11961,109.806,1.32678,122.93
2017-06-15,1.11507,110.867,1.32725,123.625
2017-06-16,1.11964,110.813,1.32144,124.072
2017-06-19,1.11471,111.578,1.32234,124.382
2017-06-20,1.11272,111.456,1.3265,124.025
2017-06-21,1.1165,111.345,1.33144,124.317
2017-06-22,1.11528,111.301,1.32322,124.142
2017-06-23,1.11983,111.222,1.3261,124.55
2017-06-26,1.11793,111.899,1.32527,125.098
2017-06-27,1.13478,112.136,1.31507,127.256
2017-06-28,1.13785,112.241,1.30308,127.71
2017-06-29,1.1436,112.062,1.30027,128.167
2017-06-30,1.1418,112.456,1.29651,128.419
2017-07-03,1.13621,113.405,1.30019,128.853
2017-07-04,1.13492,113.167,1.2928,128.417
2017-07-05,1.1339,113.232,1.29852,128.402
2017-07-06,1.14197,113.231,1.29645,129.3
2017-07-07,1.14062,113.946,1.28764,129.973
2017-07-10,1.14012,114.014,1.28841,129.992
2017-07-11,1.14688,113.881,1.29183,130.608
2017-07-12,1.14201,113.149,1.2734,129.217
2017-07-13,1.1404,113.244,1.27292,129.163
2017-07-14,1.1466,112.578,1.26473,129.08
2017-07-17,1.14774,112.623,1.26895,129.269
2017-07-18,1.15582,111.988,1.26196,129.439
2017-07-19,1.15164,111.826,1.25974,128.785
2017-07-20,1.16271,111.972,1.2582,130.193
2017-07-21,1.16748,111.028,1.25394,129.62
2017-07-24,1.16437,111.106,1.24988,129.369
2017-07-25,1.1652,111.638,1.25045,130.103
2017-07-26,1.1727,111.21,1.2453,130.41
2017-07-27,1.16781,111.139,1.25594,129.789
2017-07-28,1.17561,110.594,1.24393,130.021
2017-07-31,1.1829,110.22,1.2452,130.4
2017-08-01,1.18,110.31,1.2528,130.19
2017-08-02,1.1859,110.58,1.2554,131.15
2017-08-03,1.1865,110.06,1.258,130.6
2017-08-04,1.1771,110.63,1.2646,130.25
2017-08-07,1.179,110.74,1.2679,130.57
2017-08-08,1.1754,110.46,1.2665,129.84
2017-08-09,1.1757,109.84,1.2695,129.16
2017-08-10,1.1772,109.25,1.2721,128.63
2017-08-11,1.1825,108.99,1.2677,128.89
2017-08-14,1.1783,109.65,1.2718,129.21
2017-08-15,1.1736,110.55,1.2747,129.75
2017-08-16,1.1764,110.21,1.2654,129.65
2017-08-17,1.1731,109.95,1.2644,129
2017-08-18,1.1764,109.19,1.2572,128.46
2017-08-21,1.1813,108.81,1.2565,128.53
2017-08-22,1.1752,109.51,1.256,128.69
2017-08-23,1.1813,109.03,1.2546,128.81
2017-08-24,1.1801,109.49,1.2527,129.23
2017-08-25,1.1922,109.34,1.2476,130.36
2017-08-28,1.1982,109.08,1.2496,130.71
2017-08-29,1.1975,109.87,1.2527,131.55
2017-08-30,1.189,110.35,1.2618,131.22
2017-08-31,1.1901,109.89,1.2498,130.79
2017-09-01,1.1865,110.24,1.2388,130.81
2017-09-04,1.1907,109.59,1.2414,130.5
2017-09-05,1.1916,108.72,1.238,129.56
2017-09-06,1.1911,109.35,1.2229,130.25
2017-09-07,1.2003,108.64,1.214,130.4
2017-09-08,1.2036,107.76,1.2142,129.71
2017-09-11,1.1963,109.31,1.2113,130.8
2017-09-12,1.1964,110.11,1.2172,131.75
2017-09-13,1.188,110.6,1.2196,131.4
2017-09-14,1.1907,110.53,1.2189,131.62
2017-09-15,1.1939,110.86,1.2178,132.38
2017-09-18,1.1952,111.54,1.223,133.31
2017-09-19,1.1999,111.45,1.227,133.74
2017-09-20,1.1876,112.42,1.2344,133.52
2017-09-21,1.1932,112.51,1.2334,134.26
2017-09-22,1.1965,111.95,1.2311,133.95
2017-09-25,1.1844,111.61,1.2356,132.22
2017-09-26,1.1798,112.24,1.2371,132.44
2017-09-27,1.1752,112.76,1.246,132.52
2017-09-28,1.1783,112.38,1.242,132.43
2017-09-29,1.1817,112.53,1.2477,132.99
2017-10-02,1.1739,112.67,1.2505,132.28
2017-10-03,1.1747,112.92,1.2492,132.65
2017-10-04,1.1762,112.75,1.2483,132.63
2017-10-05,1.1704,112.84,1.2569,132.1
2017-10-06,1.173,112.69,1.2531,132.22
2017-10-09,1.1752,112.65,1.2538,132.4
2017-10-10,1.1815,112.4,1.2509,132.81
2017-10-11,1.1863,112.37,1.2466,133.31
2017-10-12,1.1836,112.21,1.2461,132.81
2017-10-13,1.182,111.89,1.2481,132.25
2017-10-16,1.1786,112.27,1.2523,132.32
2017-10-17,1.1769,112.2,1.252,132.06
2017-10-18,1.1799,112.91,1.247,133.23
2017-10-19,1.1827,112.67,1.2485,133.27
2017-10-20,1.1777,113.51,1.2628,133.69
2017-10-23,1.1739,113.73,1.2639,133.52
2017-10-24,1.177,113.8,1.2679,133.95
2017-10-25,1.1809,113.68,1.2807,134.26
2017-10-26,1.1651,113.97,1.2849,132.8
2017-10-27,1.1602,113.77,1.2885,132
2017-10-30,1.1641,113.12,1.2832,131.69
2017-10-31,1.1652,113.68,1.2896,132.47
2017-11-01,1.1624,114.17,1.2874,132.75
2017-11-02,1.1659,114.06,1.2809,133
2017-11-03,1.1602,114.24,1.2764,132.55
2017-11-06,1.1606,113.75,1.2719,132.01
2017-11-07,1.1586,113.84,1.2792,131.91
2017-11-08,1.1594,113.59,1.2725,131.73
2017-11-09,1.1645,113.24,1.2668,131.87
2017-11-10,1.1666,113.54,1.2675,132.46
2017-11-13,1.1667,113.63,1.2727,132.59
2017-11-14,1.1795,113.38,1.2729,133.74
2017-11-15,1.1791,112.89,1.2763,133.12
2017-11-16,1.1775,112.82,1.2728,132.86
2017-11-17,1.1801,112.03,1.2753,132.22
2017-11-20,1.1735,112.67,1.2807,132.22
2017-11-21,1.174,112.44,1.2776,132.01
2017-11-22,1.1817,111.22,1.27,131.48
2017-11-23,1.1847,111.19,1.2717,131.73
2017-11-24,1.1928,111.58,1.2708,133.1
2017-11-27,1.1898,111.01,1.276,132.09
2017-11-28,1.1836,111.54,1.2813,132.03
2017-11-29,1.1858,111.85,1.2849,132.65
2017-11-30,1.1903,112.46,1.2901,133.87
2017-12-01,1.1892,112.04,1.2697,133.25
2017-12-04,1.1851,112.56,1.27,133.41
2017-12-05,1.1814,112.58,1.2693,133.02
2017-12-06,1.1791,112.25,1.2793,132.37
2017-12-07,1.1774,113.12,1.2857,133.2
2017-12-08,1.1765,113.52,1.2867,133.56
2017-12-11,1.1788,113.5,1.2849,133.8
2017-12-12,1.1738,113.54,1.287,133.29
2017-12-13,1.1815,112.58,1.2805,133.02
2017-12-14,1.1791,112.17,1.2746,132.25
2017-12-15,1.176,112.7,1.286,132.55
2017-12-18,1.1779,112.59,1.2873,132.64
2017-12-19,1.1842,112.99,1.2878,133.81
2017-12-20,1.1879,113.38,1.2832,134.69
2017-12-21,1.1872,113.31,1.2728,134.53
2017-12-22,1.1852,113.27,1.2724,134.24
2017-12-25,1.1852,113.27,1.2724,134.24
2017-12-26,1.1862,113.13,1.2692,134.21
2017-12-27,1.1895,113.27,1.2643,134.75
2017-12-28,1.1946,112.87,1.2571,134.86
2017-12-29,1.2013,112.62,1.2533,135.31
2018-01-01,1.2013,112.62,1.2533,135.31
2018-01-02,1.2053,112.27,1.2508,135.33
2018-01-03,1.2021,112.43,1.2528,135.16
2018-01-04,1.2067,112.75,1.2492,136.08
2018-01-05,1.2039,113.12,1.2409,136.19
2018-01-08,1.1961,113.1,1.2424,135.29
2018-01-09,1.1931,112.65,1.2463,134.42
2018-01-10,1.196,111.3,1.2534,133.13
2018-01-11,1.204,111.06,1.2519,133.72
2018-01-12,1.2198,111.03,1.2457,135.5
2018-01-15,1.2269,110.52,1.2416,135.62
2018-01-16,1.2271,110.26,1.242,135.3
2018-01-17,1.2224,111.12,1.2411,135.83
2018-01-18,1.2239,111.01,1.242,135.88
2018-01-19,1.223,110.59,1.2481,135.28
2018-01-22,1.2257,110.98,1.2455,136.04
2018-01-23,1.2289,110.32,1.2426,135.58
2018-01-24,1.2399,109.08,1.2325,135.26
2018-01-25,1.2409,109.3,1.2367,135.64
2018-01-26,1.2419,108.69,1.2321,135
2018-01-29,1.2385,108.97,1.2327,134.98
2018-01-30,1.2396,108.78,1.2324,134.88
2018-01-31,1.2416,109.15,1.2299,135.54
2018-02-01,1.2514,109.34,1.2267,136.84
2018-02-02,1.2452,110.28,1.2386,137.33
2018-02-05,1.2389,109.12,1.2523,135.19
2018-02-06,1.2373,109.52,1.2496,135.51
2018-02-07,1.2269,109.56,1.2561,134.44
2018-02-08,1.2242,108.73,1.261,133.13
2018-02-09,1.2235,108.81,1.2586,133.16
2018-02-12,1.229,108.68,1.2596,133.59
2018-02-13,1.2352,107.71,1.2591,133.05
2018-02-14,1.2446,107.16,1.2509,133.37
2018-02-15,1.2506,106.09,1.2483,132.69
2018-02-16,1.2406,106.35,1.2556,131.96
2018-02-19,1.2405,106.57,1.2561,132.19
2018-02-20,1.2335,107.23,1.2643,132.29
2018-02-21,1.2293,107.64,1.2685,132.34
2018-02-22,1.2326,106.69,1.2712,131.52
2018-02-23,1.229,106.69,1.2658,131.13
2018-02-26,1.2308,106.97,1.268,131.67
2018-02-27,1.2234,107.37,1.2753,131.37
2018-02-28,1.2199,106.65,1.2833,130.11
2018-03-01,1.2255,106.22,1.2817,130.19
2018-03-02,1.2324,105.64,1.2901,130.19
2018-03-05,1.2328,106.2,1.299,130.93
2018-03-06,1.24,106.2,1.2897,131.71
2018-03-07,1.2403,106.04,1.2959,131.54
2018-03-08,1.2301,106.21,1.2898,130.67
2018-03-09,1.2306,106.82,1.283,131.46
2018-03-12,1.2337,106.34,1.2824,131.2
2018-03-13,1.2395,106.59,1.294,132.14
2018-03-14,1.2371,106.25,1.2944,131.46
2018-03-15,1.2301,106.22,1.3056,130.68
2018-03-16,1.2287,106.04,1.309,130.31
2018-03-19,1.2339,106.12,1.3061,130.96
2018-03-20,1.2254,106.47,1.3079,130.48
2018-03-21,1.2334,106.07,1.2912,130.79
2018-03-22,1.2306,105.59,1.2915,129.94
2018-03-23,1.2358,104.86,1.287,129.59
2018-03-26,1.2453,105.27,1.2866,131.1
2018-03-27,1.2402,105.49,1.2879,130.84
2018-03-28,1.2308,106.83,1.2917,131.44
2018-03-29,1.2304,106.48,1.2871,130.99
2018-03-30,1.2323,106.21,1.2893,130.88
2018-04-02,1.23,105.86,1.2936,130.21
2018-04-03,1.227,106.58,1.2797,130.79
2018-04-04,1.2281,106.74,1.2789,131.09
2018-04-05,1.2232,107.44,1.2781,131.43
2018-04-06,1.2288,106.8,1.2781,131.24
2018-04-09,1.2318,106.75,1.2708,131.48
2018-04-10,1.2359,107.17,1.2596,132.45
2018-04-11,1.2362,106.91,1.2579,132.18
2018-04-12,1.233,107.19,1.2586,132.16
2018-04-13,1.2338,107.37,1.2614,132.45
2018-04-16,1.2375,107.11,1.2571,132.56
2018-04-17,1.2364,107.01,1.2546,132.32
2018-04-18,1.2372,107.3,1.2629,132.77
2018-04-19,1.2345,107.39,1.2664,132.58
2018-04-20,1.2281,107.57,1.2748,132.12
2018-04-23,1.2205,108.42,1.2829,132.6
2018-04-24,1.2236,108.42,1.2829,132.98
2018-04-25,1.2175,108.42,1.2829,133.13
2018-04-26,1.2105,108.42,1.2829,132.4
2018-04-27,1.2123,108.42,1.2829,132.17
2018-04-30,1.2082,108.42,1.2829,132.07
2018-05-01,1.1995,108.42,1.2829,131.74
2018-05-02,1.1946,108.42,1.2829,131.3
2018-05-03,1.1994,108.42,1.2829,130.98
2018-05-04,1.1962,108.42,1.2829,130.54
2018-05-07,1.1924,108.42,1.2829,130.07
2018-05-08,1.1859,108.42,1.2829,129.27
2018-05-09,1.186,109.69,1.2843,130.1
2018-05-10,1.1923,109.36,1.276,130.4
2018-05-11,1.1945,109.28,1.2785,130.53
2018-05-14,1.1943,109.6,1.27973,0.87986
2018-05-15,1.1847,110.27,1.28625,0.87615
2018-05-16,1.1798,110.26,1.2755,0.87229
2018-05-17,1.1796,110.79,1.28247,0.87334
2018-05-18,1.1775,110.68,1.28838,0.87382
2018-05-21,1.1772,111.11,1.28753,0.87798
2018-05-22,1.1781,110.96,1.27788,0.87648
2018-05-23,1.1707,110.05,1.28514,0.87615
2018-05-24,1.1725,109.32,1.28485,0.87572
2018-05-25,1.1668,109.38,1.29037,0.87615
2018-05-28,1.1629,109.43,1.29733,0.87281
2018-05-29,1.1533,108.41,1.29905,0.86989
2018-05-30,1.1654,108.92,1.2987,0.8767
2018-05-31,1.1685,108.67,1.30247,0.88053
2018-06-01,1.166,109.53,1.28777,0.8734
2018-06-04,1.17,109.69,1.29528,0.87843
2018-06-05,1.1716,109.73,1.2951,0.87434
2018-06-06,1.1767,110.22,1.29405,0.87809
2018-06-07,1.1813,109.74,1.29306,0.8792
2018-06-08,1.1768,109.47,1.29434,0.87724
2018-06-11,1.1784,110.03,1.2944,0.88049
2018-06-12,1.1748,110.36,1.29808,0.87879
2018-06-13,1.1784,110.52,1.29248,0.8814
2018-06-14,1.1597,110.58,1.31296,0.87288
2018-06-15,1.1613,110.59,1.31727,0.87347
2018-06-18,1.1614,110.5,1.3213,128.35
2018-06-19,1.1571,110.06,1.3283,127.36
2018-06-20,1.1584,110.39,1.3318,127.89
2018-06-21,1.162,109.87,1.3305,127.67
2018-06-22,1.1659,109.9,1.3282,128.15
2018-06-25,1.1707,109.39,1.3298,128.08
2018-06-26,1.1649,110.06,1.3302,128.21
2018-06-27,1.1546,110.3,1.3358,127.36
2018-06-28,1.1558,110.61,1.3269,127.85
2018-06-29,1.1672,110.86,1.3158,129.4
2018-07-02,1.1642,110.83,1.3189,129.04
2018-07-03,1.1652,110.53,1.3163,128.79
2018-07-04,1.1647,110.5,1.3142,128.71
2018-07-05,1.168,110.67,1.3144,129.27
2018-07-06,1.1742,110.46,1.3103,129.7
2018-07-09,1.1749,110.81,1.3108,130.19
2018-07-10,1.1743,111.27,1.3121,130.66
2018-07-11,1.1675,111.99,1.3193,130.75
2018-07-12,1.1666,112.5,1.3171,131.27
2018-07-13,1.1677,112.31,1.3159,131.15
2018-07-16,1.1713,112.27,1.3143,131.52
2018-07-17,1.166,112.84,1.3191,131.58
2018-07-18,1.1647,112.85,1.3174,131.42
2018-07-19,1.1643,112.45,1.3253,130.93
2018-07-20,1.1723,111.55,1.3132,130.76
2018-07-23,1.169,111.48,1.3174,130.33
2018-07-24,1.1682,111.19,1.3158,129.91
2018-07-25,1.1732,110.95,1.3039,130.18
2018-07-26,1.1645,111.24,1.3067,129.54
2018-07-27,1.1656,111,1.3067,129.38
2018-07-30,1.1709,111.01,1.3023,129.99
2018-07-31,1.1698,111.82,1.2994,130.8
2018-08-01,1.1662,111.56,1.2991,130.11
2018-08-02,1.1586,111.69,1.3025,129.41
2018-08-03,1.1575,111.25,1.2981,128.78
2018-08-06,1.1555,111.39,1.3003,128.71
2018-08-07,1.1594,111.41,1.3066,129.17
2018-08-08,1.1618,110.97,1.3009,128.92
2018-08-09,1.1536,111.03,1.3038,128.12
2018-08-10,1.1403,110.73,1.3136,126.27
2018-08-13,1.1392,110.67,1.3145,126.08
2018-08-14,1.1341,111.2,1.308,126.12
2018-08-15,1.1351,110.64,1.3132,125.59
2018-08-16,1.1367,110.87,1.3158,126.03
2018-08-17,1.1438,110.58,1.3055,126.48
2018-08-20,1.1465,110.23,1.3054,126.38
2018-08-21,1.1572,110.42,1.3045,127.77
2018-08-22,1.1589,110.56,1.3022,128.14
2018-08-23,1.1537,111.23,1.3085,128.34
2018-08-24,1.1626,111.17,1.3018,129.3
2018-08-27,1.1678,111.1,1.2964,129.73
2018-08-28,1.1696,111.22,1.2931,130.07
2018-08-29,1.1699,111.68,1.2922,130.66
2018-08-30,1.1664,111.07,1.2994,129.57
2018-08-31,1.1603,111,1.3043,128.8
2018-09-03,1.1616,111.03,1.3095,128.98
2018-09-04,1.1576,111.47,1.3176,129.05
2018-09-05,1.1626,111.52,1.318,129.66
2018-09-06,1.1625,110.91,1.3138,128.94
2018-09-07,1.1563,111.09,1.317,128.46
2018-09-10,1.1594,111.19,1.3161,128.92
2018-09-11,1.1586,111.56,1.3129,129.26
2018-09-12,1.1626,111.24,1.2995,129.35
2018-09-13,1.1692,111.85,1.2993,130.78
2018-09-14,1.1631,112.01,1.3032,130.3
2018-09-17,1.1683,111.86,1.3026,130.7
2018-09-18,1.1665,112.35,1.2982,131.05
2018-09-19,1.1673,112.23,1.2923,131.02
2018-09-20,1.1774,112.47,1.2915,132.44
2018-09-21,1.175,112.54,1.2914,132.25
2018-09-24,1.1757,112.71,1.2943,132.51
2018-09-25,1.1768,112.94,1.2947,132.92
2018-09-26,1.1762,112.84,1.3002,132.71
2018-09-27,1.165,113.38,1.304,132.11
2018-09-28,1.1614,113.58,1.2926,131.92
2018-10-01,1.1574,113.97,1.2789,131.9
2018-10-02,1.1542,113.63,1.2819,131.16
2018-10-03,1.1516,114.31,1.2844,131.65
2018-10-04,1.1512,113.85,1.2923,131.06
2018-10-05,1.1524,113.78,1.2939,131.13
2018-10-08,1.1489,112.97,1.2954,129.79
2018-10-09,1.1496,113.04,1.2944,129.96
2018-10-10,1.1524,112.53,1.3035,129.69
2018-10-11,1.1593,111.95,1.305,129.78
2018-10-12,1.1559,111.94,1.3047,129.39
2018-10-15,1.1583,111.88,1.2986,129.6
2018-10-16,1.1578,112.17,1.2939,129.87
2018-10-17,1.1507,112.49,1.3011,129.44
2018-10-18,1.1464,112.16,1.3079,128.59
2018-10-19,1.1511,112.57,1.3114,129.58
2018-10-22,1.1468,112.82,1.3099,129.39
2018-10-23,1.1469,112.46,1.3088,128.97
2018-10-24,1.1387,112.38,1.3023,127.97
2018-10-25,1.1362,112.58,1.3078,127.92
2018-10-26,1.1405,111.77,1.309,127.49
2018-10-29,1.1392,112.38,1.3124,128.03
2018-10-30,1.1343,112.92,1.3132,128.09
2018-10-31,1.1314,113.02,1.3168,127.88
2018-11-01,1.1407,112.72,1.3088,128.58
2018-11-02,1.138,113.28,1.3112,128.91
2018-11-05,1.141,113.2,1.3105,129.17
2018-11-06,1.1412,113.45,1.3136,129.47
2018-11-07,1.1456,113.35,1.3101,129.84
2018-11-08,1.1364,113.95,1.3171,129.5
2018-11-09,1.133,113.81,1.3205,128.97
2018-11-12,1.1241,113.8,1.3225,127.94
2018-11-13,1.1273,113.78,1.3248,128.28
2018-11-14,1.1336,113.54,1.3224,128.7
2018-11-15,1.1348,113.58,1.317,128.88
2018-11-16,1.1409,112.86,1.3153,128.77
2018-11-19,1.1454,112.54,1.3177,128.91
2018-11-20,1.1364,112.68,1.331,128.09
2018-11-21,1.1391,113.07,1.3251,128.82
2018-11-22,1.1406,112.96,1.3216,128.84
2018-11-23,1.1332,112.83,1.3219,127.86
2018-11-26,1.1329,113.63,1.3243,128.73
2018-11-27,1.1291,113.78,1.3296,128.48
2018-11-28,1.137,113.56,1.3273,129.13
2018-11-29,1.1383,113.43,1.3271,129.13
2018-11-30,1.1311,113.61,1.3289,128.51
2018-12-03,1.134,113.67,1.3214,128.91
2018-12-04,1.1342,112.78,1.3244,127.93
2018-12-05,1.1347,113.13,1.3382,128.36
2018-12-06,1.138,112.52,1.3394,128.05
2018-12-07,1.1412,112.63,1.3298,128.54
2018-12-10,1.1352,113.17,1.3406,128.49
2018-12-11,1.1326,113.41,1.3394,128.45
2018-12-12,1.1366,113.21,1.3352,128.68
2018-12-13,1.1366,113.6,1.3356,129.13
2018-12-14,1.1306,113.27,1.3372,128.06
2018-12-17,1.1348,112.75,1.3413,127.95
2018-12-18,1.1353,112.6,1.3489,127.84
2018-12-19,1.1379,112.36,1.3491,127.88
2018-12-20,1.1469,111.12,1.3494,127.47
2018-12-21,1.1371,111.3,1.3588,126.55
2018-12-24,1.1415,110.45,1.3588,126.05
2018-12-25,1.1398,110.25,1.3696,125.68
2018-12-26,1.1355,111.17,1.3583,126.25
2018-12-27,1.1445,110.71,1.3636,126.79
2018-12-28,1.1441,110.39,1.3633,126.34
2018-12-31,1.1445,109.59,1.3639,125.59
2019-01-01,1.1424,109.64,1.3582,125.25
2019-01-02,1.1341,109.27,1.3582,123.9
2019-01-03,1.1396,107.56,1.348,122.59
2019-01-04,1.1396,108.47,1.34,123.64
2019-01-07,1.1476,108.64,1.3294,124.69
2019-01-08,1.1439,108.65,1.3273,124.28
2019-01-09,1.154,108.28,1.3215,124.95
2019-01-10,1.1497,108.41,1.3228,124.65
2019-01-11,1.1462,108.49,1.3266,124.35
2019-01-14,1.1464,108.19,1.3266,124.04
2019-01-15,1.1407,108.57,1.3276,123.85
2019-01-16,1.1399,108.97,1.3235,124.23
2019-01-17,1.139,109.32,1.3254,124.55
2019-01-18,1.1363,109.76,1.3275,124.71
2019-01-21,1.1368,109.61,1.3292,124.6
2019-01-22,1.1361,109.24,1.3345,124.14
2019-01-23,1.1381,109.58,1.3345,124.71
2019-01-24,1.13,109.65,1.3351,123.94
2019-01-25,1.1406,109.72,1.325,125.12
2019-01-28,1.1426,109.34,1.3252,124.95
2019-01-29,1.1433,109.34,1.328,125.01
2019-01-30,1.148,108.92,1.3159,125.06
2019-01-31,1.1443,108.85,1.3129,124.57
2019-02-01,1.1459,109.48,1.3085,125.45
2019-02-04,1.1433,109.89,1.3123,125.64
2019-02-05,1.141,109.95,1.3142,125.46
2019-02-06,1.1363,109.96,1.3201,124.94
2019-02-07,1.1351,109.8,1.3301,124.63
2019-02-08,1.1324,109.77,1.3268,124.29
2019-02-11,1.1276,110.41,1.3296,124.49
2019-02-12,1.1332,110.48,1.3235,125.19
2019-02-13,1.1266,111,1.3258,125.03
2019-02-14,1.1299,110.52,1.3273,124.89
2019-02-15,1.1298,110.41,1.3251,124.74
2019-02-18,1.1308,110.58,1.3232,125.03
2019-02-19,1.1335,110.65,1.3211,125.42
2019-02-20,1.1347,110.78,1.3158,125.69
2019-02-21,1.1328,110.76,1.3211,125.47
2019-02-22,1.1333,110.67,1.3143,125.42
2019-02-25,1.1362,111.08,1.3185,126.23
2019-02-26,1.1394,110.53,1.3171,125.95
2019-02-27,1.137,111.03,1.3147,126.22
2019-02-28,1.1374,111.42,1.3145,126.74
2019-03-01,1.1356,111.99,1.3296,127.16
2019-03-04,1.1328,111.71,1.3317,126.57
2019-03-05,1.1303,111.88,1.3342,126.46
2019-03-06,1.131,111.77,1.3425,126.42
2019-03-07,1.1186,111.56,1.3453,124.8
2019-03-08,1.1238,111.04,1.3403,124.76
2019-03-11,1.1239,111.21,1.3407,125.02
2019-03-12,1.1304,111.28,1.3353,125.76
2019-03-13,1.1332,111.1,1.3296,125.92
2019-03-14,1.1299,111.7,1.3319,126.2
2019-03-15,1.1321,111.48,1.3339,126.17
2019-03-18,1.1335,111.39,1.3348,126.27
2019-03-19,1.1352,111.35,1.3308,126.42
2019-03-20,1.1423,110.68,1.3285,126.44
2019-03-21,1.1357,110.81,1.3373,125.82
2019-03-22,1.1294,110.06,1.3414,124.31
2019-03-25,1.1318,109.97,1.3412,124.44
2019-03-26,1.1275,110.52,1.3374,124.61
2019-03-27,1.1259,110.41,1.3403,124.31
2019-03-28,1.1224,110.59,1.3438,124.11
2019-03-29,1.1222,110.79,1.3354,124.33
2019-04-01,1.1211,111.36,1.3304,124.83
2019-04-02,1.1194,111.37,1.3345,124.66
2019-04-03,1.1239,111.45,1.3337,125.26
2019-04-04,1.1221,111.58,1.3359,125.19
2019-04-05,1.1216,111.69,1.3387,125.26
2019-04-08,1.126,111.51,1.331,125.57
2019-04-09,1.1262,111.12,1.332,125.14
2019-04-10,1.1264,111.1,1.332,125.14
2019-04-11,1.1275,110.96,1.3317,125.12
2019-04-12,1.1297,112.02,1.3332,126.55
2019-04-15,1.13,112,1.3372,126.56
2019-04-16,1.1285,111.97,1.3349,126.39
2019-04-17,1.1299,112.05,1.3341,126.59
2019-04-18,1.1228,111.94,1.3387,125.69
2019-04-19,1.1244,111.93,1.337,125.85
2019-04-22,1.1259,111.94,1.3347,126.03
2019-04-23,1.1215,111.82,1.3438,125.38
2019-04-24,1.1146,112.31,1.3482,125.18
2019-04-25,1.113,111.62,1.3486,124.22
2019-04-26,1.1152,111.57,1.3455,124.42
2019-04-29,1.1182,111.74,1.3446,124.91
2019-04-30,1.1205,111.38,1.342,124.8
2019-05-01,1.1196,111.53,1.3448,124.87
2019-05-02,1.1173,111.5,1.3465,124.58
2019-05-03,1.1196,111.09,1.3423,124.38
2019-05-06,1.1203,110.89,1.3432,124.21
2019-05-07,1.1185,110.2,1.3479,123.26
2019-05-08,1.119,110.13,1.347,123.25
2019-05-09,1.1223,109.72,1.346,123.13
2019-05-10,1.1228,110.01,1.3412,123.53
2019-05-13,1.1227,109.33,1.347,122.74
2019-05-14,1.1205,109.65,1.3457,122.86
2019-05-15,1.12,109.54,1.3433,122.71
2019-05-16,1.1168,109.84,1.3466,122.68
2019-05-17,1.116,110.05,1.3439,122.79
2019-05-20,1.1168,109.97,1.3431,122.8
2019-05-21,1.1157,110.61,1.3401,123.4
2019-05-22,1.1155,110.31,1.3426,123.05
2019-05-23,1.118,109.53,1.3483,122.44
2019-05-24,1.1205,109.33,1.344,122.55
2019-05-27,1.1196,109.52,1.344,122.55
2019-05-28,1.1163,109.38,1.3488,122.09
2019-05-29,1.1134,109.28,1.3525,121.65
2019-05-30,1.1135,109.53,1.3509,121.94
2019-05-31,1.1172,108.39,1.3515,121.07
2019-06-03,1.1255,108.01,1.3435,121.57
2019-06-04,1.1256,108.11,1.3396,121.68
2019-06-05,1.1224,108.37,1.3422,121.65
2019-06-06,1.1271,108.45,1.336,122.26
2019-06-07,1.1334,108.15,1.3272,122.57
2019-06-10,1.1312,108.52,1.326,122.75
2019-06-11,1.1326,108.52,1.3283,122.91
2019-06-12,1.1287,108.51,1.3335,122.46
2019-06-13,1.1278,108.32,1.3324,122.15
2019-06-14,1.1208,108.52,1.3398,121.65
2019-06-17,1.1217,108.56,1.3415,121.76
2019-06-18,1.1193,108.43,1.3381,121.35
2019-06-19,1.1231,108.1,1.3297,121.41
2019-06-20,1.1294,107.24,1.319,121.11
2019-06-21,1.1367,107.39,1.3208,122.09
2019-06-24,1.1396,107.34,1.3187,122.32
2019-06-25,1.1372,107.11,1.3178,121.81
2019-06-26,1.1367,107.81,1.3113,122.56
2019-06-27,1.1365,107.71,1.3111,122.41
2019-06-28,1.1372,107.76,1.3084,122.54
2019-07-01,1.1286,108.41,1.313,122.35
2019-07-02,1.1289,107.87,1.3107,121.76
2019-07-03,1.1282,107.81,1.3069,121.62
2019-07-04,1.1283,107.81,1.3044,121.63
2019-07-05,1.1218,108.48,1.311,121.68
2019-07-08,1.1213,108.66,1.309,121.83
2019-07-09,1.1209,108.81,1.3128,121.98
2019-07-10,1.1252,108.42,1.3066,121.97
2019-07-11,1.1255,108.43,1.3069,122.05
2019-07-12,1.1271,107.8,1.3031,121.5
2019-07-15,1.1258,107.89,1.3044,121.46
2019-07-16,1.1203,108.34,1.3071,121.38
2019-07-17,1.122,108.09,1.3047,121.27
2019-07-18,1.1273,107.3,1.3042,120.96
2019-07-19,1.1216,107.77,1.3066,0
2019-07-22,1.1211,107.87,1.311,120.94
2019-07-23,1.1148,108.25,1.3138,120.7
2019-07-24,1.1136,108.2,1.3139,120.49
2019-07-25,1.1148,108.68,1.3157,121.15
2019-07-26,1.1124,108.7,1.3175,120.92
2019-07-29,1.1145,108.77,1.3157,121.22
2019-07-30,1.1157,108.54,1.3151,121.1
2019-07-31,1.1089,108.72,1.3183,120.55
2019-08-01,1.1081,107.46,1.322,119.08
2019-08-02,1.111,106.54,1.3211,118.38
2019-08-05,1.1199,106.01,1.3215,118.74
2019-08-06,1.1195,106.56,1.3279,119.29
2019-08-07,1.121,106.11,1.3311,118.95
2019-08-08,1.1184,105.96,1.3229,118.53
2019-08-09,1.1204,105.58,1.3204,118.28
2019-08-12,1.1212,105.31,1.3244,118.07
2019-08-13,1.1172,106.63,1.3223,119.12
2019-08-14,1.1135,105.83,1.332,117.86
2019-08-15,1.1101,106.12,1.3324,117.79
2019-08-16,1.1099,106.23,1.3269,117.93
2019-08-19,1.108,106.63,1.3323,118.16
2019-08-20,1.1095,106.31,1.332,117.97
2019-08-21,1.1086,106.56,1.3294,118.12
2019-08-22,1.1079,106.41,1.3298,117.89
2019-08-23,1.1145,105.29,1.329,117.35
2019-08-26,1.1098,106.11,1.3258,117.75
2019-08-27,1.1091,105.76,1.3284,117.33
2019-08-28,1.1078,106.04,1.33,117.46
2019-08-29,1.1051,106.63,1.3295,117.84
2019-08-30,1.0975,106.27,1.3327,116.62
2019-09-02,1.097,106.19,1.3328,116.46
2019-09-03,1.0966,106.03,1.3321,116.27
2019-09-04,1.103,106.38,1.3226,117.34
2019-09-05,1.1032,106.96,1.3238,117.99
2019-09-06,1.103,106.88,1.3169,117.9
2019-09-09,1.1049,107.16,1.3158,118.42
2019-09-10,1.1038,107.49,1.3151,118.64
2019-09-11,1.1007,107.79,1.3191,118.63
2019-09-12,1.1064,108.14,1.3213,119.66
2019-09-13,1.1073,108.09,1.3273,119.69
2019-09-16,1.0998,108.05,1.3236,118.83
2019-09-17,1.1068,108.15,1.3247,119.72
2019-09-18,1.1019,108.45,1.3292,119.49
2019-09-19,1.1041,108.01,1.3256,119.23
2019-09-20,1.1014,107.61,1.3274,118.52
2019-09-23,1.0996,107.48,1.326,118.19
2019-09-24,1.1016,107.03,1.3241,117.9
2019-09-25,1.0945,107.78,1.3256,117.99
2019-09-26,1.0927,107.85,1.3261,117.8
2019-09-27,1.0941,107.87,1.3242,118.01
2019-09-30,1.0901,108.08,1.3235,117.82
2019-10-01,1.0931,107.76,1.3223,117.77
2019-10-02,1.0959,107.2,1.3311,117.48
2019-10-03,1.0967,106.87,1.3331,117.23
2019-10-04,1.0978,106.9,1.3325,117.33
2019-10-07,1.097,107.29,1.3303,117.7
2019-10-08,1.0955,107.1,1.3318,117.33
2019-10-09,1.0973,107.53,1.3324,118
2019-10-10,1.1005,107.92,1.3296,118.74
2019-10-11,1.104,108.49,1.3186,119.76
2019-10-14,1.1025,108.34,1.3233,119.47
2019-10-15,1.103,108.83,1.3202,120.05
2019-10-16,1.1073,108.76,1.3199,120.43
2019-10-17,1.1125,108.62,1.3142,120.85
2019-10-18,1.1162,108.4,1.3116,121.01
2019-10-21,1.1145,108.59,1.3084,121.02
2019-10-22,1.1119,108.47,1.3103,120.61
2019-10-23,1.1133,108.65,1.3072,120.99
2019-10-24,1.1105,108.59,1.3072,120.59
2019-10-25,1.1078,108.69,1.3063,120.41
2019-10-28,1.1098,108.97,1.3048,120.92
2019-10-29,1.1109,108.88,1.3085,120.94
2019-10-30,1.1142,108.83,1.3165,121.26
2019-10-31,1.1143,107.97,1.3164,120.31
2019-11-01,1.1164,108.22,1.3146,120.81
2019-11-04,1.1126,108.59,1.3151,120.82
2019-11-05,1.1073,109.19,1.3154,120.9
2019-11-06,1.1069,108.9,1.3176,120.54
2019-11-07,1.1049,109.27,1.3179,120.72
2019-11-08,1.1021,109.16,1.3224,120.31
2019-11-11,1.1034,109.01,1.322,120.29
2019-11-12,1.1011,108.94,1.3218,119.94
2019-11-13,1.1001,108.75,1.325,119.65
2019-11-14,1.1023,108.36,1.3254,119.42
2019-11-15,1.1052,108.8,1.3228,120.26
2019-11-18,1.1076,108.63,1.3205,120.31
2019-11-19,1.1078,108.51,1.3265,120.22
2019-11-20,1.107,108.61,1.3305,120.23
2019-11-21,1.106,108.65,1.328,120.16
2019-11-22,1.1018,108.64,1.3297,119.7
2019-11-25,1.1008,108.94,1.3303,119.91
2019-11-26,1.1022,109.02,1.3275,120.15
2019-11-27,1.1003,109.53,1.328,120.5
2019-11-28,1.1007,109.5,1.3281,120.54
2019-11-29,1.1015,109.45,1.3281,120.56
2019-12-02,1.1073,108.98,1.3295,120.67
2019-12-03,1.1082,108.56,1.3299,120.31
2019-12-04,1.1072,108.91,1.3193,120.59
2019-12-05,1.1098,108.74,1.3168,120.67
2019-12-06,1.1056,108.56,1.3257,120.02
2019-12-09,1.1061,108.63,1.3226,120.14
2019-12-10,1.1094,108.72,1.3228,120.6
2019-12-11,1.1132,108.54,1.317,120.84
2019-12-12,1.1124,109.33,1.3177,121.62
2019-12-13,1.112,109.29,1.3188,121.53
2019-12-16,1.1143,109.62,1.3152,122.15
2019-12-17,1.1148,109.48,1.316,122.05
2019-12-18,1.1119,109.57,1.3104,121.81
2019-12-19,1.1124,109.24,1.3119,121.53
2019-12-20,1.1075,109.44,1.316,121.22
2019-12-23,1.1092,109.35,1.3148,121.3
2019-12-24,1.1082,109.37,1.3163,121.2
2019-12-25,1.1082,109.55,1.315,121.43
2019-12-26,1.1102,109.62,1.3119,121.72
2019-12-27,1.1183,109.45,1.3071,122.4
2019-12-30,1.1198,108.83,1.3058,121.87
2019-12-31,1.1223,108.62,1.2972,121.9
